continent_code,date,cases,deaths
AS,2020-03-09,4,0
AS,2020-03-10,8,0
AS,2020-03-11,13,0
AS,2020-03-12,18,0
AS,2020-03-13,23,0
AS,2020-03-14,28,0
AS,2020-03-15,33,0
AS,2020-03-16,41,0
AS,2020-03-17,50,0
AS,2020-03-18,59,0
AS,2020-03-19,68,0
AS,2020-03-20,77,0
AS,2020-03-21,86,0
AS,2020-03-22,95,1
AS,2020-03-23,112,1
AS,2020-03-24,129,1
AS,2020-03-25,146,1
AS,2020-03-26,163,1
AS,2020-03-27,180,2
AS,2020-03-28,197,3
AS,2020-03-29,214,4
AS,2020-03-30,247,4
AS,2020-03-31,280,4
AS,2020-04-01,313,5
AS,2020-04-02,346,6
AS,2020-04-03,379,7
AS,2020-04-04,412,8
AS,2020-04-05,446,9
AS,2020-04-06,472,9
AS,2020-04-07,498,9
AS,2020-04-08,525,9
AS,2020-04-09,552,9
AS,2020-04-10,579,9
AS,2020-04-11,606,10
AS,2020-04-12,633,11
AS,2020-04-13,652,11
AS,2020-04-14,671,11
AS,2020-04-15,690,11
AS,2020-04-16,709,11
AS,2020-04-17,728,11
AS,2020-04-18,747,11
AS,2020-04-19,767,12
AS,2020-04-20,774,12
AS,2020-04-21,781,12
AS,2020-04-22,788,12
AS,2020-04-23,795,12
AS,2020-04-24,802,12
AS,2020-04-25,809,13
AS,2020-04-26,817,14
AS,2020-04-27,824,14
AS,2020-04-28,832,14
AS,2020-04-29,840,14
AS,2020-04-30,848,14
AS,2020-05-01,856,14
AS,2020-05-02,864,14
AS,2020-05-03,872,15
AS,2020-05-04,875,15
AS,2020-05-05,878,15
AS,2020-05-06,882,15
AS,2020-05-07,886,15
AS,2020-05-08,890,15
AS,2020-05-09,894,15
AS,2020-05-10,898,16
AS,2020-05-11,900,16
AS,2020-05-12,902,16
AS,2020-05-13,904,16
AS,2020-05-14,907,16
AS,2020-05-15,910,16
AS,2020-05-16,913,16
AS,2020-05-17,916,17
AS,2020-05-18,918,17
AS,2020-05-19,920,17
AS,2020-05-20,923,17
AS,2020-05-21,926,17
AS,2020-05-22,929,17
AS,2020-05-23,932,17
AS,2020-05-24,935,17
AS,2020-05-25,936,17
AS,2020-05-26,937,17
AS,2020-05-27,938,17
AS,2020-05-28,939,17
AS,2020-05-29,940,17
AS,2020-05-30,942,17
AS,2020-05-31,944,17
AS,2020-06-01,946,17
AS,2020-06-02,949,17
AS,2020-06-03,952,17
AS,2020-06-04,955,17
AS,2020-06-05,958,17
AS,2020-06-06,961,17
AS,2020-06-07,964,18
AS,2020-06-08,966,18
AS,2020-06-09,968,18
AS,2020-06-10,971,18
AS,2020-06-11,974,18
AS,2020-06-12,977,18
AS,2020-06-13,980,18
AS,2020-06-14,983,18
AS,2020-06-15,983,18
AS,2020-06-16,983,18
AS,2020-06-17,983,18
AS,2020-06-18,983,18
AS,2020-06-19,984,18
AS,2020-06-20,985,18
AS,2020-06-21,986,19
AS,2020-06-22,987,19
AS,2020-06-23,988,19
AS,2020-06-24,989,19
AS,2020-06-25,990,19
AS,2020-06-26,991,19
AS,2020-06-27,992,19
AS,2020-06-28,994,19
AS,2020-06-29,995,19
AS,2020-06-30,996,19
AS,2020-07-01,997,19
AS,2020-07-02,998,19
AS,2020-07-03,999,19
AS,2020-07-04,1001,19
AS,2020-07-05,1003,19
AS,2020-07-06,1005,19
AS,2020-07-07,1007,19
AS,2020-07-08,1009,19
AS,2020-07-09,1012,19
AS,2020-07-10,1015,19
AS,2020-07-11,1018,19
AS,2020-07-12,1021,19
AS,2020-07-13,1023,19
AS,2020-07-14,1025,19
AS,2020-07-15,1027,19
AS,2020-07-16,1029,19
AS,2020-07-17,1032,19
AS,2020-07-18,1035,19
AS,2020-07-19,1038,19
AS,2020-07-20,1040,19
AS,2020-07-21,1042,19
AS,2020-07-22,1045,19
AS,2020-07-23,1048,19
AS,2020-07-24,1051,19
AS,2020-07-25,1054,19
AS,2020-07-26,1057,19
AS,2020-07-27,1070,19
AS,2020-07-28,1083,19
AS,2020-07-29,1096,19
AS,2020-07-30,1109,19
AS,2020-07-31,1122,19
AS,2020-08-01,1136,19
AS,2020-08-02,1150,19
AS,2020-08-03,1163,19
AS,2020-08-04,1176,19
AS,2020-08-05,1189,19
AS,2020-08-06,1202,19
AS,2020-08-07,1215,19
AS,2020-08-08,1228,19
AS,2020-08-09,1242,19
AS,2020-08-10,1255,19
AS,2020-08-11,1269,19
AS,2020-08-12,1283,19
AS,2020-08-13,1297,19
AS,2020-08-14,1311,19
AS,2020-08-15,1325,19
AS,2020-08-16,1339,20
AS,2020-08-17,1350,20
AS,2020-08-18,1361,20
AS,2020-08-19,1373,20
AS,2020-08-20,1385,20
AS,2020-08-21,1397,20
AS,2020-08-22,1409,20
AS,2020-08-23,1421,20
AS,2020-08-24,1430,20
AS,2020-08-25,1439,20
AS,2020-08-26,1448,20
AS,2020-08-27,1457,20
AS,2020-08-28,1467,20
AS,2020-08-29,1477,20
AS,2020-08-30,1487,20
AS,2020-08-31,1490,20
AS,2020-09-01,1493,20
AS,2020-09-02,1496,20
AS,2020-09-03,1499,20
AS,2020-09-04,1502,20
AS,2020-09-05,1505,20
AS,2020-09-06,1509,21
AS,2020-09-07,1511,21
AS,2020-09-08,1513,21
AS,2020-09-09,1515,21
AS,2020-09-10,1517,21
AS,2020-09-11,1520,21
AS,2020-09-12,1523,21
AS,2020-09-13,1526,22
AS,2020-09-14,1536,22
AS,2020-09-15,1546,22
AS,2020-09-16,1556,22
AS,2020-09-17,1567,22
AS,2020-09-18,1578,22
AS,2020-09-19,1589,22
AS,2020-09-20,1600,22
AS,2020-09-21,1613,22
AS,2020-09-22,1626,22
AS,2020-09-23,1640,22
AS,2020-09-24,1654,22
AS,2020-09-25,1668,22
AS,2020-09-26,1682,22
AS,2020-09-27,1696,22
AS,2020-09-28,1714,22
AS,2020-09-29,1732,22
AS,2020-09-30,1750,22
AS,2020-10-01,1768,22
AS,2020-10-02,1786,22
AS,2020-10-03,1805,22
AS,2020-10-04,1824,22
AS,2020-10-05,1850,22
AS,2020-10-06,1876,22
AS,2020-10-07,1902,22
AS,2020-10-08,1928,22
AS,2020-10-09,1954,23
AS,2020-10-10,1980,24
AS,2020-10-11,2006,25
AS,2020-10-12,2097,25
AS,2020-10-13,2188,25
AS,2020-10-14,2279,25
AS,2020-10-15,2370,25
AS,2020-10-16,2461,25
AS,2020-10-17,2552,25
AS,2020-10-18,2644,25
AS,2020-10-19,2772,25
AS,2020-10-20,2900,25
AS,2020-10-21,3029,25
AS,2020-10-22,3158,25
AS,2020-10-23,3287,25
AS,2020-10-24,3416,25
AS,2020-10-25,3545,25
AS,2020-10-26,3690,25
AS,2020-10-27,3835,25
AS,2020-10-28,3980,25
AS,2020-10-29,4125,25
AS,2020-10-30,4271,25
AS,2020-10-31,4417,25
AS,2020-11-01,4563,26
AS,2020-11-02,4766,26
AS,2020-11-03,4969,26
AS,2020-11-04,5172,26
AS,2020-11-05,5375,26
AS,2020-11-06,5579,26
AS,2020-11-07,5783,26
AS,2020-11-08,5987,27
AS,2020-11-09,6157,28
AS,2020-11-10,6327,30
AS,2020-11-11,6497,32
AS,2020-11-12,6667,34
AS,2020-11-13,6837,36
AS,2020-11-14,7007,38
AS,2020-11-15,7178,40
AS,2020-11-16,7393,40
AS,2020-11-17,7608,40
AS,2020-11-18,7823,40
AS,2020-11-19,8038,41
AS,2020-11-20,8253,42
AS,2020-11-21,8469,43
AS,2020-11-22,8685,44
AS,2020-11-23,8927,44
AS,2020-11-24,9169,44
AS,2020-11-25,9411,44
AS,2020-11-26,9654,45
AS,2020-11-27,9897,46
AS,2020-11-28,10140,47
AS,2020-11-29,10383,48
AS,2020-11-30,10678,50
AS,2020-12-01,10973,52
AS,2020-12-02,11268,54
AS,2020-12-03,11563,56
AS,2020-12-04,11859,58
AS,2020-12-05,12155,61
AS,2020-12-06,12451,64
AS,2020-12-07,12829,66
AS,2020-12-08,13207,68
AS,2020-12-09,13585,71
AS,2020-12-10,13964,74
AS,2020-12-11,14343,77
AS,2020-12-12,14722,80
AS,2020-12-13,15101,83
AS,2020-12-14,15474,85
AS,2020-12-15,15848,87
AS,2020-12-16,16222,89
AS,2020-12-17,16596,91
AS,2020-12-18,16970,93
AS,2020-12-19,17344,95
AS,2020-12-20,17718,98
AS,2020-12-21,17995,100
AS,2020-12-22,18272,102
AS,2020-12-23,18549,104
AS,2020-12-24,18826,106
AS,2020-12-25,19103,109
AS,2020-12-26,19380,112
AS,2020-12-27,19657,115
AS,2020-12-28,20273,117
AS,2020-12-29,20889,119
AS,2020-12-30,21506,122
AS,2020-12-31,22123,125
AS,2021-01-01,22740,128
AS,2021-01-02,23357,131
AS,2021-01-03,23974,134
AS,2021-01-04,24456,136
AS,2021-01-05,24938,138
AS,2021-01-06,25420,141
AS,2021-01-07,25902,144
AS,2021-01-08,26384,147
AS,2021-01-09,26867,150
AS,2021-01-10,27350,153
AS,2021-01-11,27581,156
AS,2021-01-12,27812,159
AS,2021-01-13,28043,162
AS,2021-01-14,28274,165
AS,2021-01-15,28505,169
AS,2021-01-16,28736,173
AS,2021-01-17,28968,177
AS,2021-01-18,29117,179
AS,2021-01-19,29267,181
AS,2021-01-20,29417,184
AS,2021-01-21,29567,187
AS,2021-01-22,29717,190
AS,2021-01-23,29867,193
AS,2021-01-24,30017,196
AS,2021-01-25,30139,197
AS,2021-01-26,30261,199
AS,2021-01-27,30384,201
AS,2021-01-28,30507,203
AS,2021-01-29,30630,205
AS,2021-01-30,30753,207
AS,2021-01-31,30876,209
AS,2021-02-01,31002,210
AS,2021-02-02,31128,212
AS,2021-02-03,31254,214
AS,2021-02-04,31380,216
AS,2021-02-05,31506,218
AS,2021-02-06,31632,220
AS,2021-02-07,31759,222
AS,2021-02-08,31866,223
AS,2021-02-09,31973,224
AS,2021-02-10,32081,225
AS,2021-02-11,32189,227
AS,2021-02-12,32297,229
AS,2021-02-13,32405,231
AS,2021-02-14,32513,233
AS,2021-02-15,32619,234
AS,2021-02-16,32725,235
AS,2021-02-17,32832,236
AS,2021-02-18,32939,237
AS,2021-02-19,33046,238
AS,2021-02-20,33153,239
AS,2021-02-21,33260,241
AS,2021-02-22,33466,241
AS,2021-02-23,33672,241
AS,2021-02-24,33879,241
AS,2021-02-25,34086,242
AS,2021-02-26,34293,243
AS,2021-02-27,34500,244
AS,2021-02-28,34707,245
AS,2021-03-01,35017,245
AS,2021-03-02,35327,245
AS,2021-03-03,35637,245
AS,2021-03-04,35947,245
AS,2021-03-05,36257,246
AS,2021-03-06,36567,247
AS,2021-03-07,36878,248
AS,2021-03-08,37274,249
AS,2021-03-09,37670,250
AS,2021-03-10,38066,251
AS,2021-03-11,38462,252
AS,2021-03-12,38858,253
AS,2021-03-13,39254,254
AS,2021-03-14,39651,255
AS,2021-03-15,40017,255
AS,2021-03-16,40383,255
AS,2021-03-17,40750,255
AS,2021-03-18,41117,255
AS,2021-03-19,41484,256
AS,2021-03-20,41851,257
AS,2021-03-21,42218,258
AS,2021-03-22,42562,259
AS,2021-03-23,42906,260
AS,2021-03-24,43251,261
AS,2021-03-25,43596,262
AS,2021-03-26,43941,263
AS,2021-03-27,44286,265
AS,2021-03-28,44631,267
AS,2021-03-29,45071,268
AS,2021-03-30,45511,269
AS,2021-03-31,45951,271
AS,2021-04-01,46391,273
AS,2021-04-02,46831,275
AS,2021-04-03,47272,277
AS,2021-04-04,47713,279
AS,2021-04-05,48254,280
AS,2021-04-06,48795,281
AS,2021-04-07,49337,283
AS,2021-04-08,49879,285
AS,2021-04-09,50421,287
AS,2021-04-10,50963,289
AS,2021-04-11,51505,291
AS,2021-04-12,52184,294
AS,2021-04-13,52863,297
AS,2021-04-14,53542,300
AS,2021-04-15,54221,303
AS,2021-04-16,54900,306
AS,2021-04-17,55579,309
AS,2021-04-18,56259,313
AS,2021-04-19,57129,314
AS,2021-04-20,57999,315
AS,2021-04-21,58869,316
AS,2021-04-22,59739,317
AS,2021-04-23,60609,318
AS,2021-04-24,61479,319
AS,2021-04-25,62349,321
AS,2021-04-26,62932,323
AS,2021-04-27,63515,325
AS,2021-04-28,64098,328
AS,2021-04-29,64681,331
AS,2021-04-30,65264,334
AS,2021-05-01,65847,337
AS,2021-05-02,66430,340
AS,2021-05-03,66858,343
AS,2021-05-04,67287,346
AS,2021-05-05,67716,349
AS,2021-05-06,68145,352
AS,2021-05-07,68574,355
AS,2021-05-08,69003,359
AS,2021-05-09,69432,363
AS,2021-05-10,69665,364
AS,2021-05-11,69898,365
AS,2021-05-12,70131,366
AS,2021-05-13,70364,367
AS,2021-05-14,70597,369
AS,2021-05-15,70830,371
AS,2021-05-16,71064,373
AS,2021-05-17,71185,374
AS,2021-05-18,71306,375
AS,2021-05-19,71427,376
AS,2021-05-20,71548,377
AS,2021-05-21,71669,378
AS,2021-05-22,71790,380
AS,2021-05-23,71911,382
AS,2021-05-24,71981,383
AS,2021-05-25,72052,384
AS,2021-05-26,72123,385
AS,2021-05-27,72194,387
AS,2021-05-28,72265,389
AS,2021-05-29,72336,391
AS,2021-05-30,72407,393
AS,2021-05-31,72460,393
AS,2021-06-01,72513,393
AS,2021-06-02,72566,394
AS,2021-06-03,72619,395
AS,2021-06-04,72672,396
AS,2021-06-05,72725,397
AS,2021-06-06,72779,398
AS,2021-06-07,72837,399
AS,2021-06-08,72895,400
AS,2021-06-09,72954,402
AS,2021-06-10,73013,404
AS,2021-06-11,73072,406
AS,2021-06-12,73131,408
AS,2021-06-13,73190,410
AS,2021-06-14,73254,410
AS,2021-06-15,73318,410
AS,2021-06-16,73383,410
AS,2021-06-17,73448,410
AS,2021-06-18,73513,410
AS,2021-06-19,73578,410
AS,2021-06-20,73643,411
AS,2021-06-21,73806,411
AS,2021-06-22,73969,411
AS,2021-06-23,74132,411
AS,2021-06-24,74295,411
AS,2021-06-25,74458,411
AS,2021-06-26,74621,411
AS,2021-06-27,74785,411
AS,2021-06-28,75247,411
AS,2021-06-29,75709,411
AS,2021-06-30,76171,411
AS,2021-07-01,76633,411
AS,2021-07-02,77096,411
AS,2021-07-03,77559,411
AS,2021-07-04,78022,412
AS,2021-07-05,78914,412
AS,2021-07-06,79807,412
AS,2021-07-07,80700,412
AS,2021-07-08,81593,412
AS,2021-07-09,82486,412
AS,2021-07-10,83379,412
AS,2021-07-11,84272,413
AS,2021-07-12,85261,414
AS,2021-07-13,86250,415
AS,2021-07-14,87239,416
AS,2021-07-15,88228,417
AS,2021-07-16,89217,418
AS,2021-07-17,90206,420
AS,2021-07-18,91196,422
AS,2021-07-19,92127,424
AS,2021-07-20,93058,427
AS,2021-07-21,93990,430
AS,2021-07-22,94922,433
AS,2021-07-23,95854,436
AS,2021-07-24,96786,439
AS,2021-07-25,97718,442
AS,2021-07-26,98361,445
AS,2021-07-27,99004,448
AS,2021-07-28,99647,451
AS,2021-07-29,100291,454
AS,2021-07-30,100935,457
AS,2021-07-31,101579,460
AS,2021-08-01,102223,464
AS,2021-08-02,102760,467
AS,2021-08-03,103297,470
AS,2021-08-04,103834,473
AS,2021-08-05,104371,476
AS,2021-08-06,104908,479
AS,2021-08-07,105445,482
AS,2021-08-08,105982,486
AS,2021-08-09,106394,489
AS,2021-08-10,106807,492
AS,2021-08-11,107220,495
AS,2021-08-12,107633,498
AS,2021-08-13,108046,502
AS,2021-08-14,108459,506
AS,2021-08-15,108872,510
AS,2021-08-16,109223,514
AS,2021-08-17,109574,518
AS,2021-08-18,109925,522
AS,2021-08-19,110277,526
AS,2021-08-20,110629,531
AS,2021-08-21,110981,536
AS,2021-08-22,111333,541
AS,2021-08-23,111610,543
AS,2021-08-24,111887,545
AS,2021-08-25,112165,548
AS,2021-08-26,112443,551
AS,2021-08-27,112721,554
AS,2021-08-28,112999,557
AS,2021-08-29,113277,560
AS,2021-08-30,113775,562
AS,2021-08-31,114273,564
AS,2021-09-01,114772,566
AS,2021-09-02,115271,569
AS,2021-09-03,115770,572
AS,2021-09-04,116269,575
AS,2021-09-05,116768,578
AS,2021-09-06,116934,580
AS,2021-09-07,117100,582
AS,2021-09-08,117266,584
AS,2021-09-09,117432,586
AS,2021-09-10,117598,588
AS,2021-09-11,117764,590
AS,2021-09-12,117931,592
AS,2021-09-13,118077,593
AS,2021-09-14,118223,594
AS,2021-09-15,118369,595
AS,2021-09-16,118516,596
AS,2021-09-17,118663,598
AS,2021-09-18,118810,600
AS,2021-09-19,118957,602
AS,2021-09-20,119072,602
AS,2021-09-21,119187,603
AS,2021-09-22,119303,604
AS,2021-09-23,119419,605
AS,2021-09-24,119535,606
AS,2021-09-25,119651,607
AS,2021-09-26,119767,608
AS,2021-09-27,119871,608
AS,2021-09-28,119975,608
AS,2021-09-29,120079,608
AS,2021-09-30,120183,608
AS,2021-10-01,120288,608
AS,2021-10-02,120393,609
AS,2021-10-03,120498,610
AS,2021-10-04,120621,610
AS,2021-10-05,120744,610
AS,2021-10-06,120868,611
AS,2021-10-07,120992,612
AS,2021-10-08,121116,613
AS,2021-10-09,121240,614
AS,2021-10-10,121364,615
AS,2021-10-11,121506,615
AS,2021-10-12,121648,615
AS,2021-10-13,121790,616
AS,2021-10-14,121933,617
AS,2021-10-15,122076,618
AS,2021-10-16,122219,619
AS,2021-10-17,122362,620
AS,2021-10-18,122504,620
AS,2021-10-19,122646,621
AS,2021-10-20,122788,622
AS,2021-10-21,122930,623
AS,2021-10-22,123072,624
AS,2021-10-23,123214,625
AS,2021-10-24,123357,626
AS,2021-10-25,123512,627
AS,2021-10-26,123667,628
AS,2021-10-27,123822,629
AS,2021-10-28,123977,630
AS,2021-10-29,124132,631
AS,2021-10-30,124288,632
AS,2021-10-31,124444,633
AS,2021-11-01,124658,633
AS,2021-11-02,124872,633
AS,2021-11-03,125087,633
AS,2021-11-04,125302,633
AS,2021-11-05,125517,633
AS,2021-11-06,125732,634
AS,2021-11-07,125947,635
AS,2021-11-08,126195,635
AS,2021-11-09,126443,635
AS,2021-11-10,126691,635
AS,2021-11-11,126939,635
AS,2021-11-12,127187,635
AS,2021-11-13,127435,636
AS,2021-11-14,127684,637
AS,2021-11-15,128029,637
AS,2021-11-16,128374,637
AS,2021-11-17,128719,637
AS,2021-11-18,129064,637
AS,2021-11-19,129409,637
AS,2021-11-20,129754,638
AS,2021-11-21,130100,639
AS,2021-11-22,130553,639
AS,2021-11-23,131006,639
AS,2021-11-24,131459,639
AS,2021-11-25,131912,640
AS,2021-11-26,132366,641
AS,2021-11-27,132820,642
AS,2021-11-28,133274,643
AS,2021-11-29,133782,644
AS,2021-11-30,134290,645
AS,2021-12-01,134798,646
AS,2021-12-02,135306,647
AS,2021-12-03,135814,648
AS,2021-12-04,136323,650
AS,2021-12-05,136832,652
AS,2021-12-06,137406,653
AS,2021-12-07,137980,654
AS,2021-12-08,138554,655
AS,2021-12-09,139128,656
AS,2021-12-10,139702,658
AS,2021-12-11,140276,660
AS,2021-12-12,140851,662
AS,2021-12-13,141466,663
AS,2021-12-14,142081,664
AS,2021-12-15,142697,665
AS,2021-12-16,143313,666
AS,2021-12-17,143929,668
AS,2021-12-18,144545,670
AS,2021-12-19,145161,672
AS,2021-12-20,145960,673
AS,2021-12-21,146760,675
AS,2021-12-22,147560,677
AS,2021-12-23,148360,679
AS,2021-12-24,149160,681
AS,2021-12-25,149960,683
AS,2021-12-26,150760,685
AS,2021-12-27,153893,686
AS,2021-12-28,157027,687
AS,2021-12-29,160161,689
AS,2021-12-30,163295,691
AS,2021-12-31,166429,693
AS,2022-01-01,169563,695
AS,2022-01-02,172697,697
AS,2022-01-03,177222,699
AS,2022-01-04,181747,701
AS,2022-01-05,186272,703
AS,2022-01-06,190797,706
AS,2022-01-07,195322,709
AS,2022-01-08,199847,712
AS,2022-01-09,204372,715
AS,2022-01-10,207424,718
AS,2022-01-11,210476,721
AS,2022-01-12,213528,724
AS,2022-01-13,216580,727
AS,2022-01-14,219632,731
AS,2022-01-15,222685,735
AS,2022-01-16,225738,739
AS,2022-01-17,227198,743
AS,2022-01-18,228658,747
AS,2022-01-19,230118,752
AS,2022-01-20,231578,757
AS,2022-01-21,233038,762
AS,2022-01-22,234498,767
AS,2022-01-23,235958,772
AS,2022-01-24,238442,775
AS,2022-01-25,240926,778
AS,2022-01-26,243410,781
AS,2022-01-27,245895,784
AS,2022-01-28,248380,787
AS,2022-01-29,250865,790
AS,2022-01-30,253350,793
AS,2022-01-31,255957,795
AS,2022-02-01,258565,797
AS,2022-02-02,261173,799
AS,2022-02-03,263781,801
AS,2022-02-04,266389,803
AS,2022-02-05,268997,806
AS,2022-02-06,271605,809
AS,2022-02-07,274248,812
AS,2022-02-08,276891,815
AS,2022-02-09,279534,819
AS,2022-02-10,282178,823
AS,2022-02-11,284822,827
AS,2022-02-12,287466,831
AS,2022-02-13,290110,835
AS,2022-02-14,292411,838
AS,2022-02-15,294712,842
AS,2022-02-16,297013,846
AS,2022-02-17,299314,850
AS,2022-02-18,301615,854
AS,2022-02-19,303917,858
AS,2022-02-20,306219,862
AS,2022-02-21,308210,865
AS,2022-02-22,310201,868
AS,2022-02-23,312192,871
AS,2022-02-24,314184,874
AS,2022-02-25,316176,878
AS,2022-02-26,318168,882
AS,2022-02-27,320160,886
AS,2022-02-28,322028,888
AS,2022-03-01,323896,890
AS,2022-03-02,325764,892
AS,2022-03-03,327632,894
AS,2022-03-04,329500,896
AS,2022-03-05,331369,898
AS,2022-03-06,333238,901
AS,2022-03-07,336061,904
AS,2022-03-08,338884,907
AS,2022-03-09,341707,910
AS,2022-03-10,344530,914
AS,2022-03-11,347354,918
AS,2022-03-12,350178,922
AS,2022-03-13,353002,926
AS,2022-03-14,356481,927
AS,2022-03-15,359960,928
AS,2022-03-16,363439,929
AS,2022-03-17,366918,930
AS,2022-03-18,370397,931
AS,2022-03-19,373876,932
AS,2022-03-20,377356,933
AS,2022-03-21,382022,934
AS,2022-03-22,386688,936
AS,2022-03-23,391354,938
AS,2022-03-24,396020,940
AS,2022-03-25,400686,942
AS,2022-03-26,405353,944
AS,2022-03-27,410020,946
AS,2022-03-28,414274,948
AS,2022-03-29,418528,950
AS,2022-03-30,422782,952
AS,2022-03-31,427037,954
AS,2022-04-01,431292,956
AS,2022-04-02,435547,958
AS,2022-04-03,439802,961
AS,2022-04-04,442319,963
AS,2022-04-05,444836,965
AS,2022-04-06,447353,967
AS,2022-04-07,449870,969
AS,2022-04-08,452387,971
AS,2022-04-09,454905,974
AS,2022-04-10,457423,977
AS,2022-04-11,458391,978
AS,2022-04-12,459359,979
AS,2022-04-13,460328,980
AS,2022-04-14,461297,982
AS,2022-04-15,462266,984
AS,2022-04-16,463235,986
AS,2022-04-17,464204,988
AS,2022-04-18,465077,990
AS,2022-04-19,465950,992
AS,2022-04-20,466823,994
AS,2022-04-21,467697,997
AS,2022-04-22,468571,1000
AS,2022-04-23,469445,1003
AS,2022-04-24,470319,1006
AS,2022-04-25,470859,1007
AS,2022-04-26,471400,1008
AS,2022-04-27,471941,1009
AS,2022-04-28,472482,1010
AS,2022-04-29,473023,1011
AS,2022-04-30,473564,1013
AS,2022-05-01,474105,1015
AS,2022-05-02,475470,1016
AS,2022-05-03,476835,1017
AS,2022-05-04,478200,1019
AS,2022-05-05,479566,1021
AS,2022-05-06,480932,1023
AS,2022-05-07,482298,1025
AS,2022-05-08,483664,1027
AS,2022-05-09,484010,1030
AS,2022-05-10,484356,1033
AS,2022-05-11,484702,1036
AS,2022-05-12,485048,1039
AS,2022-05-13,485394,1043
AS,2022-05-14,485740,1047
AS,2022-05-15,486086,1051
AS,2022-05-16,486386,1051
AS,2022-05-17,486686,1052
AS,2022-05-18,486986,1053
AS,2022-05-19,487286,1054
AS,2022-05-20,487587,1055
AS,2022-05-21,487888,1056
AS,2022-05-22,488189,1057
AS,2022-05-23,488442,1057
AS,2022-05-24,488695,1057
AS,2022-05-25,488948,1057
AS,2022-05-26,489201,1057
AS,2022-05-27,489455,1057
AS,2022-05-28,489709,1058
AS,2022-05-29,489963,1059
AS,2022-05-30,489963,1059
AS,2022-05-31,489963,1059
AS,2022-06-01,489963,1059
AS,2022-06-02,489963,1059
AS,2022-06-03,489963,1059
AS,2022-06-04,489963,1059
AS,2022-06-05,489963,1059
AS,2022-06-06,490278,1059
AS,2022-06-07,490593,1059
AS,2022-06-08,490908,1059
AS,2022-06-09,491223,1059
AS,2022-06-10,491538,1059
AS,2022-06-11,491854,1059
AS,2022-06-12,492170,1060
AS,2022-06-13,492665,1060
AS,2022-06-14,493160,1060
AS,2022-06-15,493656,1060
AS,2022-06-16,494152,1060
AS,2022-06-17,494648,1060
AS,2022-06-18,495144,1061
AS,2022-06-19,495640,1062
AS,2022-06-20,496677,1062
AS,2022-06-21,497714,1062
AS,2022-06-22,498751,1062
AS,2022-06-23,499789,1062
AS,2022-06-24,500827,1062
AS,2022-06-25,501865,1063
AS,2022-06-26,502903,1064
AS,2022-06-27,504457,1064
AS,2022-06-28,506011,1064
AS,2022-06-29,507565,1064
AS,2022-06-30,509119,1064
AS,2022-07-01,510673,1065
AS,2022-07-02,512227,1066
AS,2022-07-03,513782,1067
AS,2022-07-04,515912,1067
AS,2022-07-05,518042,1067
AS,2022-07-06,520172,1067
AS,2022-07-07,522303,1068
AS,2022-07-08,524434,1069
AS,2022-07-09,526565,1070
AS,2022-07-10,528696,1071
AS,2022-07-11,530894,1072
AS,2022-07-12,533092,1073
AS,2022-07-13,535290,1074
AS,2022-07-14,537488,1075
AS,2022-07-15,539686,1076
AS,2022-07-16,541884,1077
AS,2022-07-17,544082,1078
AS,2022-07-18,545532,1079
AS,2022-07-19,546982,1081
AS,2022-07-20,548432,1083
AS,2022-07-21,549882,1085
AS,2022-07-22,551332,1087
AS,2022-07-23,552783,1089
AS,2022-07-24,554234,1091
AS,2022-07-25,555214,1093
AS,2022-07-26,556194,1095
AS,2022-07-27,557174,1097
AS,2022-07-28,558154,1099
AS,2022-07-29,559135,1101
AS,2022-07-30,560116,1104
AS,2022-07-31,561097,1107
AS,2022-08-01,561878,1111
AS,2022-08-02,562659,1115
AS,2022-08-03,563441,1119
AS,2022-08-04,564223,1123
AS,2022-08-05,565005,1127
AS,2022-08-06,565787,1131
AS,2022-08-07,566569,1135
AS,2022-08-08,567084,1135
AS,2022-08-09,567600,1136
AS,2022-08-10,568116,1137
AS,2022-08-11,568632,1138
AS,2022-08-12,569148,1139
AS,2022-08-13,569664,1140
AS,2022-08-14,570180,1141
AS,2022-08-15,570484,1141
AS,2022-08-16,570788,1141
AS,2022-08-17,571092,1141
AS,2022-08-18,571396,1141
AS,2022-08-19,571700,1142
AS,2022-08-20,572005,1143
AS,2022-08-21,572310,1144
AS,2022-08-22,572617,1146
AS,2022-08-23,572924,1148
AS,2022-08-24,573232,1150
AS,2022-08-25,573540,1152
AS,2022-08-26,573848,1154
AS,2022-08-27,574156,1157
AS,2022-08-28,574464,1160
AS,2022-08-29,574714,1160
AS,2022-08-30,574964,1160
AS,2022-08-31,575214,1160
AS,2022-09-01,575464,1161
AS,2022-09-02,575714,1162
AS,2022-09-03,575965,1163
AS,2022-09-04,576216,1164
AS,2022-09-05,576483,1164
AS,2022-09-06,576750,1164
AS,2022-09-07,577017,1164
AS,2022-09-08,577284,1164
AS,2022-09-09,577551,1164
AS,2022-09-10,577818,1164
AS,2022-09-11,578085,1165
AS,2022-09-12,578439,1165
AS,2022-09-13,578793,1165
AS,2022-09-14,579147,1166
AS,2022-09-15,579502,1167
AS,2022-09-16,579857,1168
AS,2022-09-17,580212,1169
AS,2022-09-18,580567,1170
AS,2022-09-19,580985,1170
AS,2022-09-20,581404,1170
AS,2022-09-21,581823,1170
AS,2022-09-22,582242,1170
AS,2022-09-23,582661,1170
AS,2022-09-24,583080,1171
AS,2022-09-25,583499,1172
AS,2022-09-26,583882,1172
AS,2022-09-27,584265,1172
AS,2022-09-28,584648,1172
AS,2022-09-29,585031,1172
AS,2022-09-30,585414,1172
AS,2022-10-01,585797,1173
AS,2022-10-02,586180,1174
AS,2022-10-03,586578,1174
AS,2022-10-04,586976,1174
AS,2022-10-05,587374,1175
AS,2022-10-06,587772,1176
AS,2022-10-07,588171,1177
AS,2022-10-08,588570,1178
AS,2022-10-09,588969,1179
AS,2022-10-10,589363,1179
AS,2022-10-11,589757,1179
AS,2022-10-12,590151,1179
AS,2022-10-13,590545,1179
AS,2022-10-14,590939,1179
AS,2022-10-15,591333,1180
AS,2022-10-16,591728,1181
AS,2022-10-17,592121,1181
AS,2022-10-18,592514,1181
AS,2022-10-19,592907,1181
AS,2022-10-20,593301,1181
AS,2022-10-21,593695,1181
AS,2022-10-22,594089,1182
AS,2022-10-23,594483,1183
AS,2022-10-24,594886,1183
AS,2022-10-25,595289,1183
AS,2022-10-26,595692,1183
AS,2022-10-27,596095,1183
AS,2022-10-28,596498,1184
AS,2022-10-29,596901,1185
AS,2022-10-30,597304,1186
AS,2022-10-31,597810,1186
AS,2022-11-01,598316,1187
AS,2022-11-02,598822,1188
AS,2022-11-03,599328,1189
AS,2022-11-04,599834,1190
AS,2022-11-05,600341,1191
AS,2022-11-06,600848,1192
AS,2022-11-07,601365,1193
AS,2022-11-08,601883,1194
AS,2022-11-09,602401,1195
AS,2022-11-10,602919,1196
AS,2022-11-11,603437,1198
AS,2022-11-12,603955,1200
AS,2022-11-13,604473,1202
EU,2020-01-05,1,0
EU,2020-01-06,1,0
EU,2020-01-07,1,0
EU,2020-01-08,1,0
EU,2020-01-09,1,0
EU,2020-01-10,1,0
EU,2020-01-11,1,0
EU,2020-01-12,1,0
EU,2020-01-13,1,0
EU,2020-01-14,1,0
EU,2020-01-15,1,0
EU,2020-01-16,1,0
EU,2020-01-17,1,0
EU,2020-01-18,2,0
EU,2020-01-19,3,0
EU,2020-01-20,3,0
EU,2020-01-21,3,0
EU,2020-01-22,3,0
EU,2020-01-23,3,0
EU,2020-01-24,4,0
EU,2020-01-25,5,0
EU,2020-01-26,8,0
EU,2020-01-27,9,0
EU,2020-01-28,10,0
EU,2020-01-29,11,0
EU,2020-01-30,12,0
EU,2020-01-31,14,0
EU,2020-02-01,19,0
EU,2020-02-02,25,1
EU,2020-02-03,28,1
EU,2020-02-04,32,1
EU,2020-02-05,36,1
EU,2020-02-06,40,1
EU,2020-02-07,44,1
EU,2020-02-08,50,1
EU,2020-02-09,59,1
EU,2020-02-10,59,1
EU,2020-02-11,59,1
EU,2020-02-12,60,1
EU,2020-02-13,62,1
EU,2020-02-14,64,1
EU,2020-02-15,66,1
EU,2020-02-16,68,2
EU,2020-02-17,94,2
EU,2020-02-18,120,2
EU,2020-02-19,146,2
EU,2020-02-20,173,2
EU,2020-02-21,200,3
EU,2020-02-22,227,4
EU,2020-02-23,258,5
EU,2020-02-24,608,14
EU,2020-02-25,961,23
EU,2020-02-26,1317,32
EU,2020-02-27,1675,41
EU,2020-02-28,2036,51
EU,2020-02-29,2398,61
EU,2020-03-01,2764,71
EU,2020-03-02,4645,162
EU,2020-03-03,6528,252
EU,2020-03-04,8412,343
EU,2020-03-05,10302,435
EU,2020-03-06,12199,529
EU,2020-03-07,14102,623
EU,2020-03-08,16009,718
EU,2020-03-09,23465,1133
EU,2020-03-10,30927,1548
EU,2020-03-11,38394,1965
EU,2020-03-12,45867,2384
EU,2020-03-13,53343,2805
EU,2020-03-14,60824,3230
EU,2020-03-15,68305,3660
EU,2020-03-16,86467,4934
EU,2020-03-17,104631,6211
EU,2020-03-18,122798,7494
EU,2020-03-19,140969,8778
EU,2020-03-20,159145,10064
EU,2020-03-21,177325,11352
EU,2020-03-22,195513,12647
EU,2020-03-23,223820,15144
EU,2020-03-24,252132,17643
EU,2020-03-25,280448,20147
EU,2020-03-26,308767,22655
EU,2020-03-27,337093,25167
EU,2020-03-28,365423,27680
EU,2020-03-29,393756,30199
EU,2020-03-30,420416,33128
EU,2020-03-31,447082,36058
EU,2020-04-01,473753,38991
EU,2020-04-02,500426,41927
EU,2020-04-03,527102,44869
EU,2020-04-04,553786,47820
EU,2020-04-05,580472,50775
EU,2020-04-06,602895,53515
EU,2020-04-07,625321,56258
EU,2020-04-08,647749,59002
EU,2020-04-09,670180,61754
EU,2020-04-10,692617,64510
EU,2020-04-11,715058,67272
EU,2020-04-12,737504,70039
EU,2020-04-13,753689,72245
EU,2020-04-14,769879,74456
EU,2020-04-15,786075,76669
EU,2020-04-16,802275,78885
EU,2020-04-17,818476,81102
EU,2020-04-18,834681,83320
EU,2020-04-19,850892,85548
EU,2020-04-20,863131,87177
EU,2020-04-21,875375,88809
EU,2020-04-22,887621,90445
EU,2020-04-23,899870,92083
EU,2020-04-24,912121,93724
EU,2020-04-25,924377,95368
EU,2020-04-26,936636,97017
EU,2020-04-27,944408,98146
EU,2020-04-28,952183,99276
EU,2020-04-29,959962,100409
EU,2020-04-30,967746,101545
EU,2020-05-01,975533,102689
EU,2020-05-02,983324,103838
EU,2020-05-03,991120,104990
EU,2020-05-04,997323,105816
EU,2020-05-05,1003528,106645
EU,2020-05-06,1009735,107479
EU,2020-05-07,1015947,108319
EU,2020-05-08,1022164,109164
EU,2020-05-09,1028387,110013
EU,2020-05-10,1034613,110864
EU,2020-05-11,1039688,111434
EU,2020-05-12,1044770,112009
EU,2020-05-13,1049858,112587
EU,2020-05-14,1054950,113168
EU,2020-05-15,1060043,113754
EU,2020-05-16,1065139,114343
EU,2020-05-17,1070242,114935
EU,2020-05-18,1074787,115336
EU,2020-05-19,1079336,115740
EU,2020-05-20,1083892,116147
EU,2020-05-21,1088452,116559
EU,2020-05-22,1093019,116974
EU,2020-05-23,1097589,117390
EU,2020-05-24,1102161,117811
EU,2020-05-25,1106139,118114
EU,2020-05-26,1110121,118419
EU,2020-05-27,1114107,118727
EU,2020-05-28,1118100,119039
EU,2020-05-29,1122096,119358
EU,2020-05-30,1126097,119679
EU,2020-05-31,1130101,120003
EU,2020-06-01,1133881,120248
EU,2020-06-02,1137663,120496
EU,2020-06-03,1141448,120748
EU,2020-06-04,1145236,121000
EU,2020-06-05,1149029,121254
EU,2020-06-06,1152829,121512
EU,2020-06-07,1156634,121776
EU,2020-06-08,1160555,121959
EU,2020-06-09,1164481,122144
EU,2020-06-10,1168410,122331
EU,2020-06-11,1172342,122521
EU,2020-06-12,1176276,122717
EU,2020-06-13,1180213,122915
EU,2020-06-14,1184154,123119
EU,2020-06-15,1188304,123273
EU,2020-06-16,1192456,123431
EU,2020-06-17,1196612,123591
EU,2020-06-18,1200774,123754
EU,2020-06-19,1204941,123923
EU,2020-06-20,1209110,124094
EU,2020-06-21,1213284,124268
EU,2020-06-22,1217493,124386
EU,2020-06-23,1221704,124508
EU,2020-06-24,1225920,124634
EU,2020-06-25,1230139,124761
EU,2020-06-26,1234362,124892
EU,2020-06-27,1238586,125023
EU,2020-06-28,1242814,125158
EU,2020-06-29,1246720,125257
EU,2020-06-30,1250632,125360
EU,2020-07-01,1254545,125467
EU,2020-07-02,1258461,125577
EU,2020-07-03,1262380,125688
EU,2020-07-04,1266305,125801
EU,2020-07-05,1270237,125916
EU,2020-07-06,1274402,126000
EU,2020-07-07,1278568,126091
EU,2020-07-08,1282738,126184
EU,2020-07-09,1286910,126280
EU,2020-07-10,1291086,126379
EU,2020-07-11,1295269,126480
EU,2020-07-12,1299459,126584
EU,2020-07-13,1304951,126666
EU,2020-07-14,1310447,126749
EU,2020-07-15,1315946,126834
EU,2020-07-16,1321449,126920
EU,2020-07-17,1326957,127011
EU,2020-07-18,1332467,127104
EU,2020-07-19,1337985,127204
EU,2020-07-20,1345291,127291
EU,2020-07-21,1352604,127379
EU,2020-07-22,1359918,127468
EU,2020-07-23,1367236,127561
EU,2020-07-24,1374560,127655
EU,2020-07-25,1381887,127754
EU,2020-07-26,1389217,127860
EU,2020-07-27,1398368,127962
EU,2020-07-28,1407521,128067
EU,2020-07-29,1416680,128175
EU,2020-07-30,1425841,128287
EU,2020-07-31,1435009,128403
EU,2020-08-01,1444182,128524
EU,2020-08-02,1453358,128647
EU,2020-08-03,1465094,128764
EU,2020-08-04,1476833,128885
EU,2020-08-05,1488577,129010
EU,2020-08-06,1500328,129138
EU,2020-08-07,1512082,129267
EU,2020-08-08,1523840,129399
EU,2020-08-09,1535600,129537
EU,2020-08-10,1550377,129678
EU,2020-08-11,1565161,129819
EU,2020-08-12,1579950,129963
EU,2020-08-13,1594741,130107
EU,2020-08-14,1609537,130256
EU,2020-08-15,1624337,130410
EU,2020-08-16,1639139,130571
EU,2020-08-17,1657933,130722
EU,2020-08-18,1676731,130877
EU,2020-08-19,1695534,131036
EU,2020-08-20,1714340,131196
EU,2020-08-21,1733151,131360
EU,2020-08-22,1751966,131530
EU,2020-08-23,1770786,131706
EU,2020-08-24,1792976,131864
EU,2020-08-25,1815175,132026
EU,2020-08-26,1837379,132190
EU,2020-08-27,1859586,132358
EU,2020-08-28,1881798,132527
EU,2020-08-29,1904013,132698
EU,2020-08-30,1926229,132876
EU,2020-08-31,1951792,133068
EU,2020-09-01,1977361,133260
EU,2020-09-02,2002931,133457
EU,2020-09-03,2028505,133657
EU,2020-09-04,2054083,133864
EU,2020-09-05,2079664,134072
EU,2020-09-06,2105249,134283
EU,2020-09-07,2136329,134520
EU,2020-09-08,2167414,134760
EU,2020-09-09,2198504,135007
EU,2020-09-10,2229602,135256
EU,2020-09-11,2260702,135507
EU,2020-09-12,2291804,135758
EU,2020-09-13,2322910,136015
EU,2020-09-14,2360604,136341
EU,2020-09-15,2398301,136669
EU,2020-09-16,2436001,137000
EU,2020-09-17,2473704,137333
EU,2020-09-18,2511409,137671
EU,2020-09-19,2549123,138015
EU,2020-09-20,2586842,138363
EU,2020-09-21,2625803,138752
EU,2020-09-22,2664765,139144
EU,2020-09-23,2703729,139541
EU,2020-09-24,2742698,139943
EU,2020-09-25,2781672,140351
EU,2020-09-26,2820651,140760
EU,2020-09-27,2859636,141171
EU,2020-09-28,2904347,141617
EU,2020-09-29,2949063,142065
EU,2020-09-30,2993782,142522
EU,2020-10-01,3038508,142979
EU,2020-10-02,3083239,143440
EU,2020-10-03,3127973,143905
EU,2020-10-04,3172711,144375
EU,2020-10-05,3242074,144970
EU,2020-10-06,3311441,145566
EU,2020-10-07,3380812,146164
EU,2020-10-08,3450185,146770
EU,2020-10-09,3519565,147378
EU,2020-10-10,3588947,147990
EU,2020-10-11,3658338,148609
EU,2020-10-12,3762289,149471
EU,2020-10-13,3866244,150339
EU,2020-10-14,3970204,151210
EU,2020-10-15,4074166,152084
EU,2020-10-16,4178132,152963
EU,2020-10-17,4282103,153847
EU,2020-10-18,4386079,154733
EU,2020-10-19,4546048,156166
EU,2020-10-20,4706019,157605
EU,2020-10-21,4865995,159047
EU,2020-10-22,5025974,160493
EU,2020-10-23,5185956,161943
EU,2020-10-24,5345941,163396
EU,2020-10-25,5505932,164852
EU,2020-10-26,5704760,167169
EU,2020-10-27,5903594,169491
EU,2020-10-28,6102433,171813
EU,2020-10-29,6301275,174138
EU,2020-10-30,6500120,176469
EU,2020-10-31,6698971,178806
EU,2020-11-01,6897826,181146
EU,2020-11-02,7102609,184396
EU,2020-11-03,7307399,187650
EU,2020-11-04,7512191,190907
EU,2020-11-05,7716987,194167
EU,2020-11-06,7921789,197433
EU,2020-11-07,8126593,200704
EU,2020-11-08,8331401,203981
EU,2020-11-09,8510277,207767
EU,2020-11-10,8689156,211557
EU,2020-11-11,8868039,215350
EU,2020-11-12,9046928,219148
EU,2020-11-13,9225820,222952
EU,2020-11-14,9404718,226759
EU,2020-11-15,9583621,230568
EU,2020-11-16,9738623,234702
EU,2020-11-17,9893629,238839
EU,2020-11-18,10048640,242981
EU,2020-11-19,10203654,247127
EU,2020-11-20,10358673,251277
EU,2020-11-21,10513696,255433
EU,2020-11-22,10668722,259594
EU,2020-11-23,10796872,263680
EU,2020-11-24,10925026,267769
EU,2020-11-25,11053183,271863
EU,2020-11-26,11181340,275962
EU,2020-11-27,11309499,280065
EU,2020-11-28,11437664,284174
EU,2020-11-29,11565836,288284
EU,2020-11-30,11683239,292272
EU,2020-12-01,11800648,296262
EU,2020-12-02,11918063,300257
EU,2020-12-03,12035480,304253
EU,2020-12-04,12152899,308253
EU,2020-12-05,12270322,312257
EU,2020-12-06,12387751,316266
EU,2020-12-07,12511990,320253
EU,2020-12-08,12636233,324241
EU,2020-12-09,12760482,328237
EU,2020-12-10,12884736,332238
EU,2020-12-11,13008993,336243
EU,2020-12-12,13133254,340250
EU,2020-12-13,13257520,344261
EU,2020-12-14,13392252,348160
EU,2020-12-15,13526985,352063
EU,2020-12-16,13661721,355968
EU,2020-12-17,13796461,359878
EU,2020-12-18,13931205,363790
EU,2020-12-19,14065953,367706
EU,2020-12-20,14200707,371629
EU,2020-12-21,14313425,375066
EU,2020-12-22,14426150,378505
EU,2020-12-23,14538882,381948
EU,2020-12-24,14651617,385399
EU,2020-12-25,14764357,388855
EU,2020-12-26,14877102,392314
EU,2020-12-27,14989848,395775
EU,2020-12-28,15118576,399192
EU,2020-12-29,15247309,402613
EU,2020-12-30,15376045,406040
EU,2020-12-31,15504783,409473
EU,2021-01-01,15633524,412910
EU,2021-01-02,15762270,416349
EU,2021-01-03,15891022,419794
EU,2021-01-04,16047362,423331
EU,2021-01-05,16203706,426874
EU,2021-01-06,16360053,430423
EU,2021-01-07,16516405,433975
EU,2021-01-08,16672762,437530
EU,2021-01-09,16829121,441087
EU,2021-01-10,16985486,444646
EU,2021-01-11,17124434,448188
EU,2021-01-12,17263388,451735
EU,2021-01-13,17402347,455286
EU,2021-01-14,17541307,458841
EU,2021-01-15,17680270,462400
EU,2021-01-16,17819238,465964
EU,2021-01-17,17958211,469532
EU,2021-01-18,18092914,473060
EU,2021-01-19,18227623,476595
EU,2021-01-20,18362338,480135
EU,2021-01-21,18497055,483679
EU,2021-01-22,18631778,487223
EU,2021-01-23,18766503,490773
EU,2021-01-24,18901231,494328
EU,2021-01-25,19023781,497606
EU,2021-01-26,19146338,500887
EU,2021-01-27,19268900,504176
EU,2021-01-28,19391465,507468
EU,2021-01-29,19514032,510762
EU,2021-01-30,19636602,514058
EU,2021-01-31,19759178,517356
EU,2021-02-01,19863872,520266
EU,2021-02-02,19968572,523180
EU,2021-02-03,20073275,526097
EU,2021-02-04,20177983,529017
EU,2021-02-05,20282697,531942
EU,2021-02-06,20387415,534869
EU,2021-02-07,20492136,537801
EU,2021-02-08,20581677,540274
EU,2021-02-09,20671222,542749
EU,2021-02-10,20760770,545227
EU,2021-02-11,20850324,547709
EU,2021-02-12,20939883,550196
EU,2021-02-13,21029445,552689
EU,2021-02-14,21119011,555188
EU,2021-02-15,21212373,557311
EU,2021-02-16,21305737,559439
EU,2021-02-17,21399106,561570
EU,2021-02-18,21492481,563708
EU,2021-02-19,21585860,565847
EU,2021-02-20,21679244,567991
EU,2021-02-21,21772630,570139
EU,2021-02-22,21880167,572139
EU,2021-02-23,21987706,574145
EU,2021-02-24,22095251,576153
EU,2021-02-25,22202800,578167
EU,2021-02-26,22310356,580186
EU,2021-02-27,22417917,582207
EU,2021-02-28,22525480,584231
EU,2021-03-01,22641124,586186
EU,2021-03-02,22756770,588150
EU,2021-03-03,22872421,590117
EU,2021-03-04,22988078,592086
EU,2021-03-05,23103736,594059
EU,2021-03-06,23219397,596035
EU,2021-03-07,23335066,598017
EU,2021-03-08,23465957,600097
EU,2021-03-09,23596854,602178
EU,2021-03-10,23727756,604260
EU,2021-03-11,23858662,606349
EU,2021-03-12,23989570,608442
EU,2021-03-13,24120482,610539
EU,2021-03-14,24251397,612637
EU,2021-03-15,24398838,614846
EU,2021-03-16,24546284,617059
EU,2021-03-17,24693736,619274
EU,2021-03-18,24841193,621491
EU,2021-03-19,24988654,623712
EU,2021-03-20,25136120,625939
EU,2021-03-21,25283588,628169
EU,2021-03-22,25450775,630523
EU,2021-03-23,25617968,632881
EU,2021-03-24,25785165,635243
EU,2021-03-25,25952368,637612
EU,2021-03-26,26119576,639984
EU,2021-03-27,26286786,642356
EU,2021-03-28,26453998,644734
EU,2021-03-29,26609472,647229
EU,2021-03-30,26764952,649727
EU,2021-03-31,26920436,652230
EU,2021-04-01,27075921,654738
EU,2021-04-02,27231411,657251
EU,2021-04-03,27386905,659766
EU,2021-04-04,27542404,662285
EU,2021-04-05,27679380,664770
EU,2021-04-06,27816361,667261
EU,2021-04-07,27953342,669754
EU,2021-04-08,28090326,672250
EU,2021-04-09,28227312,674749
EU,2021-04-10,28364305,677254
EU,2021-04-11,28501307,679761
EU,2021-04-12,28632712,682088
EU,2021-04-13,28764120,684418
EU,2021-04-14,28895532,686753
EU,2021-04-15,29026947,689093
EU,2021-04-16,29158366,691438
EU,2021-04-17,29289790,693786
EU,2021-04-18,29421219,696137
EU,2021-04-19,29538057,698285
EU,2021-04-20,29654903,700438
EU,2021-04-21,29771752,702596
EU,2021-04-22,29888604,704755
EU,2021-04-23,30005457,706916
EU,2021-04-24,30122314,709082
EU,2021-04-25,30239172,711251
EU,2021-04-26,30336876,713059
EU,2021-04-27,30434583,714873
EU,2021-04-28,30532296,716692
EU,2021-04-29,30630015,718515
EU,2021-04-30,30727737,720342
EU,2021-05-01,30825463,722170
EU,2021-05-02,30923195,724002
EU,2021-05-03,31002844,725444
EU,2021-05-04,31082495,726889
EU,2021-05-05,31162151,728337
EU,2021-05-06,31241809,729788
EU,2021-05-07,31321473,731245
EU,2021-05-08,31401140,732704
EU,2021-05-09,31480810,734167
EU,2021-05-10,31541116,735277
EU,2021-05-11,31601427,736388
EU,2021-05-12,31661740,737502
EU,2021-05-13,31722058,738622
EU,2021-05-14,31782379,739745
EU,2021-05-15,31842709,740870
EU,2021-05-16,31903042,742002
EU,2021-05-17,31952092,742826
EU,2021-05-18,32001144,743656
EU,2021-05-19,32050199,744489
EU,2021-05-20,32099256,745324
EU,2021-05-21,32148318,746162
EU,2021-05-22,32197385,747004
EU,2021-05-23,32246457,747849
EU,2021-05-24,32281768,748430
EU,2021-05-25,32317082,749014
EU,2021-05-26,32352399,749599
EU,2021-05-27,32387722,750188
EU,2021-05-28,32423046,750779
EU,2021-05-29,32458373,751378
EU,2021-05-30,32493709,751981
EU,2021-05-31,32521281,752385
EU,2021-06-01,32548858,752791
EU,2021-06-02,32576437,753204
EU,2021-06-03,32604020,753620
EU,2021-06-04,32631607,754036
EU,2021-06-05,32659199,754460
EU,2021-06-06,32686797,754888
EU,2021-06-07,32705577,755167
EU,2021-06-08,32724358,755450
EU,2021-06-09,32743141,755734
EU,2021-06-10,32761932,756025
EU,2021-06-11,32780725,756319
EU,2021-06-12,32799523,756618
EU,2021-06-13,32818325,756922
EU,2021-06-14,32831905,757131
EU,2021-06-15,32845488,757344
EU,2021-06-16,32859074,757560
EU,2021-06-17,32872663,757778
EU,2021-06-18,32886256,758000
EU,2021-06-19,32899855,758227
EU,2021-06-20,32913458,758459
EU,2021-06-21,32925960,758603
EU,2021-06-22,32938472,758751
EU,2021-06-23,32950985,758904
EU,2021-06-24,32963502,759061
EU,2021-06-25,32976025,759221
EU,2021-06-26,32988551,759384
EU,2021-06-27,33001081,759552
EU,2021-06-28,33023019,759665
EU,2021-06-29,33044961,759778
EU,2021-06-30,33066903,759893
EU,2021-07-01,33088848,760014
EU,2021-07-02,33110800,760137
EU,2021-07-03,33132761,760264
EU,2021-07-04,33154728,760398
EU,2021-07-05,33195762,760490
EU,2021-07-06,33236799,760584
EU,2021-07-07,33277837,760679
EU,2021-07-08,33318882,760778
EU,2021-07-09,33359929,760882
EU,2021-07-10,33400981,760991
EU,2021-07-11,33442037,761106
EU,2021-07-12,33500482,761196
EU,2021-07-13,33558933,761289
EU,2021-07-14,33617386,761385
EU,2021-07-15,33675843,761482
EU,2021-07-16,33734304,761584
EU,2021-07-17,33792766,761689
EU,2021-07-18,33851236,761802
EU,2021-07-19,33919501,761929
EU,2021-07-20,33987769,762058
EU,2021-07-21,34056040,762190
EU,2021-07-22,34124315,762323
EU,2021-07-23,34192595,762464
EU,2021-07-24,34260878,762608
EU,2021-07-25,34329167,762755
EU,2021-07-26,34397666,762944
EU,2021-07-27,34466170,763136
EU,2021-07-28,34534678,763330
EU,2021-07-29,34603190,763529
EU,2021-07-30,34671708,763731
EU,2021-07-31,34740230,763936
EU,2021-08-01,34808755,764149
EU,2021-08-02,34873988,764397
EU,2021-08-03,34939225,764647
EU,2021-08-04,35004464,764906
EU,2021-08-05,35069706,765173
EU,2021-08-06,35134953,765441
EU,2021-08-07,35200205,765710
EU,2021-08-08,35265461,765982
EU,2021-08-09,35331840,766294
EU,2021-08-10,35398223,766608
EU,2021-08-11,35464610,766926
EU,2021-08-12,35531002,767250
EU,2021-08-13,35597398,767577
EU,2021-08-14,35663799,767911
EU,2021-08-15,35730204,768248
EU,2021-08-16,35795469,768647
EU,2021-08-17,35860738,769050
EU,2021-08-18,35926012,769458
EU,2021-08-19,35991291,769869
EU,2021-08-20,36056576,770283
EU,2021-08-21,36121863,770701
EU,2021-08-22,36187152,771123
EU,2021-08-23,36250743,771570
EU,2021-08-24,36314337,772020
EU,2021-08-25,36377935,772472
EU,2021-08-26,36441539,772925
EU,2021-08-27,36505148,773385
EU,2021-08-28,36568760,773849
EU,2021-08-29,36632374,774317
EU,2021-08-30,36689740,774801
EU,2021-08-31,36747110,775287
EU,2021-09-01,36804484,775774
EU,2021-09-02,36861864,776264
EU,2021-09-03,36919248,776759
EU,2021-09-04,36976637,777260
EU,2021-09-05,37034031,777767
EU,2021-09-06,37085665,778274
EU,2021-09-07,37137302,778783
EU,2021-09-08,37188946,779297
EU,2021-09-09,37240596,779816
EU,2021-09-10,37292250,780338
EU,2021-09-11,37343909,780864
EU,2021-09-12,37395571,781394
EU,2021-09-13,37443862,781931
EU,2021-09-14,37492158,782474
EU,2021-09-15,37540456,783022
EU,2021-09-16,37588757,783572
EU,2021-09-17,37637060,784124
EU,2021-09-18,37685368,784680
EU,2021-09-19,37733685,785241
EU,2021-09-20,37779833,785791
EU,2021-09-21,37825987,786342
EU,2021-09-22,37872148,786901
EU,2021-09-23,37918312,787461
EU,2021-09-24,37964481,788026
EU,2021-09-25,38010653,788593
EU,2021-09-26,38056826,789165
EU,2021-09-27,38107866,789791
EU,2021-09-28,38158908,790420
EU,2021-09-29,38209956,791055
EU,2021-09-30,38261008,791696
EU,2021-10-01,38312067,792340
EU,2021-10-02,38363129,792987
EU,2021-10-03,38414193,793638
EU,2021-10-04,38470380,794386
EU,2021-10-05,38526569,795137
EU,2021-10-06,38582764,795891
EU,2021-10-07,38638963,796647
EU,2021-10-08,38695167,797409
EU,2021-10-09,38751376,798176
EU,2021-10-10,38807589,798948
EU,2021-10-11,38874527,799830
EU,2021-10-12,38941468,800715
EU,2021-10-13,39008415,801604
EU,2021-10-14,39075364,802494
EU,2021-10-15,39142316,803387
EU,2021-10-16,39209273,804284
EU,2021-10-17,39276234,805185
EU,2021-10-18,39367593,806289
EU,2021-10-19,39458957,807395
EU,2021-10-20,39550324,808509
EU,2021-10-21,39641695,809626
EU,2021-10-22,39733071,810749
EU,2021-10-23,39824447,811877
EU,2021-10-24,39915828,813008
EU,2021-10-25,40029213,814292
EU,2021-10-26,40142603,815581
EU,2021-10-27,40255996,816872
EU,2021-10-28,40369395,818167
EU,2021-10-29,40482797,819463
EU,2021-10-30,40596202,820764
EU,2021-10-31,40709613,822069
EU,2021-11-01,40846716,823551
EU,2021-11-02,40983822,825035
EU,2021-11-03,41120931,826524
EU,2021-11-04,41258047,828016
EU,2021-11-05,41395166,829512
EU,2021-11-06,41532285,831011
EU,2021-11-07,41669409,832514
EU,2021-11-08,41846854,834211
EU,2021-11-09,42024305,835913
EU,2021-11-10,42201758,837617
EU,2021-11-11,42379214,839324
EU,2021-11-12,42556673,841035
EU,2021-11-13,42734135,842752
EU,2021-11-14,42911606,844472
EU,2021-11-15,43138819,846364
EU,2021-11-16,43366036,848259
EU,2021-11-17,43593258,850158
EU,2021-11-18,43820483,852060
EU,2021-11-19,44047712,853966
EU,2021-11-20,44274944,855881
EU,2021-11-21,44502182,857798
EU,2021-11-22,44759939,859829
EU,2021-11-23,45017701,861864
EU,2021-11-24,45275465,863903
EU,2021-11-25,45533233,865945
EU,2021-11-26,45791004,867990
EU,2021-11-27,46048782,870039
EU,2021-11-28,46306566,872094
EU,2021-11-29,46571617,874133
EU,2021-11-30,46836670,876180
EU,2021-12-01,47101727,878228
EU,2021-12-02,47366789,880283
EU,2021-12-03,47631857,882342
EU,2021-12-04,47896930,884404
EU,2021-12-05,48162006,886468
EU,2021-12-06,48414569,888469
EU,2021-12-07,48667135,890474
EU,2021-12-08,48919708,892481
EU,2021-12-09,49172283,894491
EU,2021-12-10,49424860,896510
EU,2021-12-11,49677444,898534
EU,2021-12-12,49930033,900562
EU,2021-12-13,50183600,902436
EU,2021-12-14,50437168,904314
EU,2021-12-15,50690743,906198
EU,2021-12-16,50944320,908084
EU,2021-12-17,51197900,909972
EU,2021-12-18,51451486,911864
EU,2021-12-19,51705077,913763
EU,2021-12-20,52014263,915400
EU,2021-12-21,52323454,917039
EU,2021-12-22,52632648,918685
EU,2021-12-23,52941846,920336
EU,2021-12-24,53251048,921990
EU,2021-12-25,53560256,923648
EU,2021-12-26,53869468,925313
EU,2021-12-27,54455955,926953
EU,2021-12-28,55042447,928597
EU,2021-12-29,55628941,930245
EU,2021-12-30,56215440,931900
EU,2021-12-31,56801941,933558
EU,2022-01-01,57388445,935221
EU,2022-01-02,57974956,936886
EU,2022-01-03,58821063,938478
EU,2022-01-04,59667177,940075
EU,2022-01-05,60513291,941676
EU,2022-01-06,61359411,943280
EU,2022-01-07,62205535,944888
EU,2022-01-08,63051662,946503
EU,2022-01-09,63897794,948121
EU,2022-01-10,64859467,949871
EU,2022-01-11,65821144,951624
EU,2022-01-12,66782827,953378
EU,2022-01-13,67744513,955136
EU,2022-01-14,68706202,956899
EU,2022-01-15,69667894,958670
EU,2022-01-16,70629590,960444
EU,2022-01-17,71849528,962216
EU,2022-01-18,73069471,963989
EU,2022-01-19,74289417,965766
EU,2022-01-20,75509368,967545
EU,2022-01-21,76729323,969332
EU,2022-01-22,77949283,971123
EU,2022-01-23,79169247,972917
EU,2022-01-24,80464636,974848
EU,2022-01-25,81760026,976782
EU,2022-01-26,83055424,978719
EU,2022-01-27,84350825,980664
EU,2022-01-28,85646230,982609
EU,2022-01-29,86941641,984560
EU,2022-01-30,88237056,986515
EU,2022-01-31,89341720,988630
EU,2022-02-01,90446388,990751
EU,2022-02-02,91551059,992879
EU,2022-02-03,92655733,995009
EU,2022-02-04,93760412,997142
EU,2022-02-05,94865096,999278
EU,2022-02-06,95969782,1001419
EU,2022-02-07,96806726,1003552
EU,2022-02-08,97643673,1005690
EU,2022-02-09,98480625,1007832
EU,2022-02-10,99317580,1009978
EU,2022-02-11,100154538,1012129
EU,2022-02-12,100991501,1014284
EU,2022-02-13,101828469,1016442
EU,2022-02-14,102454300,1018394
EU,2022-02-15,103080137,1020350
EU,2022-02-16,103705979,1022310
EU,2022-02-17,104331825,1024275
EU,2022-02-18,104957677,1026244
EU,2022-02-19,105583531,1028216
EU,2022-02-20,106209386,1030190
EU,2022-02-21,106710578,1031827
EU,2022-02-22,107211775,1033467
EU,2022-02-23,107712976,1035113
EU,2022-02-24,108214180,1036765
EU,2022-02-25,108715388,1038420
EU,2022-02-26,109216600,1040077
EU,2022-02-27,109717816,1041740
EU,2022-02-28,110209013,1043149
EU,2022-03-01,110700213,1044560
EU,2022-03-02,111191418,1045973
EU,2022-03-03,111682628,1047389
EU,2022-03-04,112173839,1048811
EU,2022-03-05,112665055,1050238
EU,2022-03-06,113156277,1051670
EU,2022-03-07,113725726,1052856
EU,2022-03-08,114295178,1054044
EU,2022-03-09,114864634,1055240
EU,2022-03-10,115434095,1056437
EU,2022-03-11,116003559,1057640
EU,2022-03-12,116573026,1058845
EU,2022-03-13,117142496,1060056
EU,2022-03-14,117760567,1061223
EU,2022-03-15,118378641,1062394
EU,2022-03-16,118996718,1063571
EU,2022-03-17,119614800,1064752
EU,2022-03-18,120232885,1065937
EU,2022-03-19,120850977,1067123
EU,2022-03-20,121469074,1068315
EU,2022-03-21,122093111,1069384
EU,2022-03-22,122717151,1070458
EU,2022-03-23,123341196,1071533
EU,2022-03-24,123965244,1072610
EU,2022-03-25,124589297,1073692
EU,2022-03-26,125213352,1074781
EU,2022-03-27,125837412,1075875
EU,2022-03-28,126376671,1076890
EU,2022-03-29,126915933,1077909
EU,2022-03-30,127455197,1078932
EU,2022-03-31,127994467,1079962
EU,2022-04-01,128533743,1081000
EU,2022-04-02,129073021,1082039
EU,2022-04-03,129612304,1083081
EU,2022-04-04,130055238,1084039
EU,2022-04-05,130498174,1084999
EU,2022-04-06,130941116,1085960
EU,2022-04-07,131384065,1086926
EU,2022-04-08,131827017,1087897
EU,2022-04-09,132269973,1088872
EU,2022-04-10,132712930,1089853
EU,2022-04-11,133078061,1090679
EU,2022-04-12,133443193,1091512
EU,2022-04-13,133808333,1092347
EU,2022-04-14,134173476,1093186
EU,2022-04-15,134538623,1094027
EU,2022-04-16,134903774,1094873
EU,2022-04-17,135268929,1095722
EU,2022-04-18,135582419,1096453
EU,2022-04-19,135895913,1097190
EU,2022-04-20,136209413,1097933
EU,2022-04-21,136522920,1098682
EU,2022-04-22,136836430,1099433
EU,2022-04-23,137149942,1100185
EU,2022-04-24,137463458,1100940
EU,2022-04-25,137719284,1101604
EU,2022-04-26,137975116,1102273
EU,2022-04-27,138230953,1102948
EU,2022-04-28,138486793,1103624
EU,2022-04-29,138742634,1104304
EU,2022-04-30,138998481,1104990
EU,2022-05-01,139254330,1105680
EU,2022-05-02,139464228,1106250
EU,2022-05-03,139674132,1106823
EU,2022-05-04,139884041,1107399
EU,2022-05-05,140093951,1107983
EU,2022-05-06,140303866,1108572
EU,2022-05-07,140513785,1109163
EU,2022-05-08,140723709,1109757
EU,2022-05-09,140915795,1110250
EU,2022-05-10,141107886,1110747
EU,2022-05-11,141299980,1111249
EU,2022-05-12,141492078,1111754
EU,2022-05-13,141684182,1112263
EU,2022-05-14,141876291,1112775
EU,2022-05-15,142068403,1113293
EU,2022-05-16,142221325,1113690
EU,2022-05-17,142374250,1114093
EU,2022-05-18,142527177,1114504
EU,2022-05-19,142680109,1114919
EU,2022-05-20,142833045,1115338
EU,2022-05-21,142985990,1115760
EU,2022-05-22,143138938,1116183
EU,2022-05-23,143254152,1116495
EU,2022-05-24,143369369,1116810
EU,2022-05-25,143484590,1117130
EU,2022-05-26,143599816,1117456
EU,2022-05-27,143715042,1117784
EU,2022-05-28,143830271,1118116
EU,2022-05-29,143945505,1118452
EU,2022-05-30,144070285,1118745
EU,2022-05-31,144195069,1119042
EU,2022-06-01,144319856,1119342
EU,2022-06-02,144444646,1119646
EU,2022-06-03,144569439,1119953
EU,2022-06-04,144694236,1120266
EU,2022-06-05,144819041,1120585
EU,2022-06-06,144965113,1120869
EU,2022-06-07,145111189,1121156
EU,2022-06-08,145257271,1121445
EU,2022-06-09,145403355,1121740
EU,2022-06-10,145549444,1122043
EU,2022-06-11,145695537,1122349
EU,2022-06-12,145841631,1122659
EU,2022-06-13,146035127,1122955
EU,2022-06-14,146228627,1123254
EU,2022-06-15,146422130,1123557
EU,2022-06-16,146615636,1123864
EU,2022-06-17,146809146,1124173
EU,2022-06-18,147002659,1124486
EU,2022-06-19,147196178,1124803
EU,2022-06-20,147467331,1125141
EU,2022-06-21,147738487,1125482
EU,2022-06-22,148009651,1125823
EU,2022-06-23,148280817,1126168
EU,2022-06-24,148551986,1126518
EU,2022-06-25,148823159,1126875
EU,2022-06-26,149094338,1127236
EU,2022-06-27,149454012,1127627
EU,2022-06-28,149813691,1128018
EU,2022-06-29,150173374,1128414
EU,2022-06-30,150533063,1128816
EU,2022-07-01,150892755,1129222
EU,2022-07-02,151252451,1129629
EU,2022-07-03,151612151,1130043
EU,2022-07-04,152020691,1130544
EU,2022-07-05,152429239,1131048
EU,2022-07-06,152837789,1131558
EU,2022-07-07,153246341,1132073
EU,2022-07-08,153654896,1132591
EU,2022-07-09,154063453,1133114
EU,2022-07-10,154472013,1133639
EU,2022-07-11,154848462,1134270
EU,2022-07-12,155224913,1134905
EU,2022-07-13,155601370,1135543
EU,2022-07-14,155977830,1136186
EU,2022-07-15,156354293,1136835
EU,2022-07-16,156730760,1137485
EU,2022-07-17,157107230,1138138
EU,2022-07-18,157425384,1138886
EU,2022-07-19,157743543,1139637
EU,2022-07-20,158061703,1140392
EU,2022-07-21,158379869,1141151
EU,2022-07-22,158698041,1141916
EU,2022-07-23,159016216,1142684
EU,2022-07-24,159334395,1143457
EU,2022-07-25,159578828,1144171
EU,2022-07-26,159823263,1144890
EU,2022-07-27,160067703,1145613
EU,2022-07-28,160312148,1146342
EU,2022-07-29,160556599,1147073
EU,2022-07-30,160801053,1147807
EU,2022-07-31,161045509,1148544
EU,2022-08-01,161226944,1149194
EU,2022-08-02,161408382,1149849
EU,2022-08-03,161589825,1150506
EU,2022-08-04,161771273,1151168
EU,2022-08-05,161952724,1151834
EU,2022-08-06,162134181,1152506
EU,2022-08-07,162315643,1153180
EU,2022-08-08,162458312,1153787
EU,2022-08-09,162600987,1154396
EU,2022-08-10,162743669,1155008
EU,2022-08-11,162886355,1155622
EU,2022-08-12,163029043,1156237
EU,2022-08-13,163171732,1156855
EU,2022-08-14,163314426,1157481
EU,2022-08-15,163435029,1157960
EU,2022-08-16,163555640,1158441
EU,2022-08-17,163676252,1158926
EU,2022-08-18,163796867,1159418
EU,2022-08-19,163917484,1159915
EU,2022-08-20,164038106,1160416
EU,2022-08-21,164158731,1160918
EU,2022-08-22,164268482,1161307
EU,2022-08-23,164378240,1161699
EU,2022-08-24,164488000,1162093
EU,2022-08-25,164597763,1162489
EU,2022-08-26,164707531,1162888
EU,2022-08-27,164817302,1163297
EU,2022-08-28,164927076,1163710
EU,2022-08-29,165023608,1164040
EU,2022-08-30,165120146,1164375
EU,2022-08-31,165216686,1164711
EU,2022-09-01,165313230,1165054
EU,2022-09-02,165409778,1165398
EU,2022-09-03,165506333,1165745
EU,2022-09-04,165602893,1166099
EU,2022-09-05,165698370,1166369
EU,2022-09-06,165793851,1166642
EU,2022-09-07,165889334,1166915
EU,2022-09-08,165984825,1167191
EU,2022-09-09,166080318,1167472
EU,2022-09-10,166175816,1167758
EU,2022-09-11,166271320,1168049
EU,2022-09-12,166386399,1168298
EU,2022-09-13,166501482,1168553
EU,2022-09-14,166616568,1168811
EU,2022-09-15,166731659,1169072
EU,2022-09-16,166846754,1169336
EU,2022-09-17,166961853,1169605
EU,2022-09-18,167076958,1169879
EU,2022-09-19,167214222,1170138
EU,2022-09-20,167351490,1170400
EU,2022-09-21,167488764,1170667
EU,2022-09-22,167626044,1170935
EU,2022-09-23,167763328,1171208
EU,2022-09-24,167900615,1171485
EU,2022-09-25,168037906,1171765
EU,2022-09-26,168232776,1172106
EU,2022-09-27,168427647,1172450
EU,2022-09-28,168622524,1172797
EU,2022-09-29,168817405,1173150
EU,2022-09-30,169012289,1173504
EU,2022-10-01,169207178,1173863
EU,2022-10-02,169402073,1174226
EU,2022-10-03,169634554,1174655
EU,2022-10-04,169867042,1175087
EU,2022-10-05,170099532,1175522
EU,2022-10-06,170332025,1175959
EU,2022-10-07,170564522,1176397
EU,2022-10-08,170797027,1176842
EU,2022-10-09,171029533,1177289
EU,2022-10-10,171263691,1177766
EU,2022-10-11,171497853,1178246
EU,2022-10-12,171732017,1178729
EU,2022-10-13,171966186,1179218
EU,2022-10-14,172200360,1179710
EU,2022-10-15,172434539,1180207
EU,2022-10-16,172668719,1180708
EU,2022-10-17,172868507,1181190
EU,2022-10-18,173068300,1181676
EU,2022-10-19,173268098,1182163
EU,2022-10-20,173467899,1182655
EU,2022-10-21,173667704,1183152
EU,2022-10-22,173867515,1183656
EU,2022-10-23,174067328,1184162
EU,2022-10-24,174209418,1184572
EU,2022-10-25,174351514,1184986
EU,2022-10-26,174493617,1185401
EU,2022-10-27,174635724,1185822
EU,2022-10-28,174777833,1186247
EU,2022-10-29,174919945,1186678
EU,2022-10-30,175062062,1187111
EU,2022-10-31,175166636,1187428
EU,2022-11-01,175271218,1187747
EU,2022-11-02,175375803,1188067
EU,2022-11-03,175480393,1188392
EU,2022-11-04,175584985,1188721
EU,2022-11-05,175689582,1189055
EU,2022-11-06,175794182,1189395
EU,2022-11-07,175883776,1189602
EU,2022-11-08,175973373,1189812
EU,2022-11-09,176062975,1190026
EU,2022-11-10,176152577,1190244
EU,2022-11-11,176242184,1190466
EU,2022-11-12,176331796,1190690
EU,2022-11-13,176421411,1190918
