date,cases,deaths
2020-01-05,11,0
2020-01-06,12,0
2020-01-07,13,0
2020-01-08,15,0
2020-01-09,17,0
2020-01-10,19,0
2020-01-11,21,0
2020-01-12,23,0
2020-01-13,24,0
2020-01-14,25,0
2020-01-15,26,0
2020-01-16,27,0
2020-01-17,28,0
2020-01-18,30,0
2020-01-19,33,0
2020-01-20,35,0
2020-01-21,37,0
2020-01-22,39,0
2020-01-23,41,0
2020-01-24,44,0
2020-01-25,47,0
2020-01-26,53,0
2020-01-27,55,0
2020-01-28,58,0
2020-01-29,61,0
2020-01-30,64,0
2020-01-31,68,0
2020-02-01,76,0
2020-02-02,85,1
2020-02-03,89,1
2020-02-04,94,1
2020-02-05,100,1
2020-02-06,106,1
2020-02-07,112,1
2020-02-08,120,1
2020-02-09,132,1
2020-02-10,134,1
2020-02-11,136,1
2020-02-12,139,1
2020-02-13,143,1
2020-02-14,147,1
2020-02-15,151,1
2020-02-16,155,2
2020-02-17,182,3
2020-02-18,210,4
2020-02-19,238,5
2020-02-20,268,6
2020-02-21,298,7
2020-02-22,328,8
2020-02-23,361,11
2020-02-24,692,22
2020-02-25,1027,33
2020-02-26,1364,44
2020-02-27,1702,56
2020-02-28,2043,68
2020-02-29,2385,80
2020-03-01,2732,92
2020-03-02,4425,193
2020-03-03,6121,294
2020-03-04,7818,396
2020-03-05,9521,499
2020-03-06,11230,603
2020-03-07,12946,708
2020-03-08,14664,814
2020-03-09,21852,1249
2020-03-10,29045,1684
2020-03-11,36245,2120
2020-03-12,43449,2559
2020-03-13,50654,3000
2020-03-14,57866,3445
2020-03-15,65078,3895
2020-03-16,81658,5188
2020-03-17,98239,6486
2020-03-18,114823,7789
2020-03-19,131410,9094
2020-03-20,148001,10402
2020-03-21,164597,11713
2020-03-22,181203,13030
2020-03-23,206193,15536
2020-03-24,231187,18044
2020-03-25,256186,20556
2020-03-26,281188,23070
2020-03-27,306195,25587
2020-03-28,331207,28105
2020-03-29,356224,30631
2020-03-30,378658,33554
2020-03-31,401097,36479
2020-04-01,423542,39406
2020-04-02,445989,42338
2020-04-03,468439,45275
2020-04-04,490895,48222
2020-04-05,513354,51173
2020-04-06,532324,53896
2020-04-07,551298,56623
2020-04-08,570274,59354
2020-04-09,589253,62089
2020-04-10,608236,64827
2020-04-11,627226,67572
2020-04-12,646219,70322
2020-04-13,660257,72524
2020-04-14,674301,74732
2020-04-15,688349,76942
2020-04-16,702401,79155
2020-04-17,716455,81368
2020-04-18,730512,83586
2020-04-19,744573,85811
2020-04-20,755416,87439
2020-04-21,766264,89071
2020-04-22,777114,90706
2020-04-23,787967,92342
2020-04-24,798824,93980
2020-04-25,809686,95624
2020-04-26,820552,97273
2020-04-27,827598,98394
2020-04-28,834647,99516
2020-04-29,841697,100641
2020-04-30,848751,101769
2020-05-01,855808,102905
2020-05-02,862870,104046
2020-05-03,869939,105191
2020-05-04,875664,106013
2020-05-05,881392,106837
2020-05-06,887123,107666
2020-05-07,892859,108500
2020-05-08,898598,109339
2020-05-09,904344,110185
2020-05-10,910095,111034
2020-05-11,915110,111601
2020-05-12,920133,112172
2020-05-13,925161,112744
2020-05-14,930197,113319
2020-05-15,935234,113901
2020-05-16,940274,114489
2020-05-17,945318,115080
2020-05-18,949864,115485
2020-05-19,954412,115893
2020-05-20,958967,116303
2020-05-21,963528,116717
2020-05-22,968094,117134
2020-05-23,972664,117553
2020-05-24,977236,117977
2020-05-25,981198,118285
2020-05-26,985164,118596
2020-05-27,989134,118909
2020-05-28,993109,119223
2020-05-29,997089,119543
2020-05-30,1001075,119866
2020-05-31,1005064,120194
2020-06-01,1008860,120440
2020-06-02,1012656,120689
2020-06-03,1016456,120939
2020-06-04,1020259,121190
2020-06-05,1024067,121444
2020-06-06,1027881,121702
2020-06-07,1031702,121967
2020-06-08,1035639,122150
2020-06-09,1039581,122336
2020-06-10,1043528,122525
2020-06-11,1047479,122716
2020-06-12,1051433,122911
2020-06-13,1055390,123109
2020-06-14,1059349,123315
2020-06-15,1063503,123474
2020-06-16,1067660,123637
2020-06-17,1071821,123801
2020-06-18,1075987,123971
2020-06-19,1080158,124145
2020-06-20,1084333,124320
2020-06-21,1088514,124499
2020-06-22,1092703,124619
2020-06-23,1096894,124741
2020-06-24,1101090,124868
2020-06-25,1105288,124996
2020-06-26,1109489,125127
2020-06-27,1113693,125258
2020-06-28,1117903,125396
2020-06-29,1121822,125497
2020-06-30,1125746,125600
2020-07-01,1129670,125706
2020-07-02,1133599,125815
2020-07-03,1137532,125926
2020-07-04,1141473,126038
2020-07-05,1145419,126153
2020-07-06,1149589,126240
2020-07-07,1153761,126332
2020-07-08,1157938,126426
2020-07-09,1162116,126524
2020-07-10,1166299,126625
2020-07-11,1170490,126728
2020-07-12,1174685,126835
2020-07-13,1180162,126917
2020-07-14,1185644,127000
2020-07-15,1191129,127085
2020-07-16,1196616,127172
2020-07-17,1202108,127264
2020-07-18,1207602,127356
2020-07-19,1213106,127455
2020-07-20,1220394,127541
2020-07-21,1227687,127628
2020-07-22,1234981,127717
2020-07-23,1242279,127811
2020-07-24,1249582,127905
2020-07-25,1256890,128005
2020-07-26,1264202,128109
2020-07-27,1273361,128210
2020-07-28,1282523,128314
2020-07-29,1291689,128420
2020-07-30,1300858,128531
2020-07-31,1310032,128645
2020-08-01,1319211,128763
2020-08-02,1328394,128885
2020-08-03,1340124,128999
2020-08-04,1351856,129120
2020-08-05,1363594,129245
2020-08-06,1375340,129373
2020-08-07,1387089,129502
2020-08-08,1398841,129632
2020-08-09,1410595,129768
2020-08-10,1425339,129904
2020-08-11,1440090,130041
2020-08-12,1454847,130180
2020-08-13,1469607,130320
2020-08-14,1484372,130465
2020-08-15,1499139,130613
2020-08-16,1513908,130768
2020-08-17,1532447,130918
2020-08-18,1550990,131072
2020-08-19,1569539,131228
2020-08-20,1588093,131385
2020-08-21,1606652,131545
2020-08-22,1625215,131710
2020-08-23,1643782,131883
2020-08-24,1665824,132039
2020-08-25,1687872,132197
2020-08-26,1709922,132356
2020-08-27,1731977,132519
2020-08-28,1754038,132684
2020-08-29,1776103,132852
2020-08-30,1798171,133029
2020-08-31,1823615,133219
2020-09-01,1849064,133410
2020-09-02,1874515,133603
2020-09-03,1899972,133800
2020-09-04,1925431,134005
2020-09-05,1950896,134212
2020-09-06,1976366,134424
2020-09-07,2007407,134657
2020-09-08,2038458,134894
2020-09-09,2069511,135135
2020-09-10,2100572,135380
2020-09-11,2131635,135628
2020-09-12,2162701,135877
2020-09-13,2193770,136132
2020-09-14,2231365,136444
2020-09-15,2268963,136759
2020-09-16,2306563,137077
2020-09-17,2344166,137399
2020-09-18,2381772,137724
2020-09-19,2419386,138055
2020-09-20,2457008,138388
2020-09-21,2496062,138761
2020-09-22,2535119,139139
2020-09-23,2574181,139521
2020-09-24,2613250,139909
2020-09-25,2652322,140303
2020-09-26,2691398,140698
2020-09-27,2730477,141095
2020-09-28,2774731,141531
2020-09-29,2818990,141969
2020-09-30,2863250,142413
2020-10-01,2907514,142857
2020-10-02,2951783,143308
2020-10-03,2996058,143764
2020-10-04,3040337,144226
2020-10-05,3108936,144811
2020-10-06,3177537,145398
2020-10-07,3246140,145985
2020-10-08,3314745,146578
2020-10-09,3383358,147174
2020-10-10,3451975,147773
2020-10-11,3520600,148382
2020-10-12,3623745,149227
2020-10-13,3726897,150077
2020-10-14,3830054,150930
2020-10-15,3933213,151786
2020-10-16,4036376,152647
2020-10-17,4139542,153513
2020-10-18,4242714,154380
2020-10-19,4401050,155772
2020-10-20,4559390,157171
2020-10-21,4717736,158573
2020-10-22,4876083,159978
2020-10-23,5034434,161387
2020-10-24,5192788,162800
2020-10-25,5351146,164217
2020-10-26,5550226,166475
2020-10-27,5749309,168738
2020-10-28,5948398,171006
2020-10-29,6147490,173277
2020-10-30,6346585,175552
2020-10-31,6545687,177835
2020-11-01,6744793,180119
2020-11-02,6949765,183285
2020-11-03,7154744,186455
2020-11-04,7359727,189627
2020-11-05,7564714,192802
2020-11-06,7769703,195984
2020-11-07,7974695,199171
2020-11-08,8179693,202364
2020-11-09,8358912,206058
2020-11-10,8538134,209759
2020-11-11,8717358,213463
2020-11-12,8896588,217173
2020-11-13,9075824,220887
2020-11-14,9255064,224604
2020-11-15,9434310,228323
2020-11-16,9589580,232350
2020-11-17,9744855,236378
2020-11-18,9900134,240411
2020-11-19,10055419,244450
2020-11-20,10210708,248495
2020-11-21,10366002,252543
2020-11-22,10521299,256597
2020-11-23,10649750,260570
2020-11-24,10778206,264546
2020-11-25,10906664,268526
2020-11-26,11035124,272511
2020-11-27,11163587,276501
2020-11-28,11292054,280497
2020-11-29,11420529,284494
2020-11-30,11538466,288366
2020-12-01,11656407,292240
2020-12-02,11774356,296119
2020-12-03,11892305,300001
2020-12-04,12010255,303886
2020-12-05,12128209,307774
2020-12-06,12246169,311666
2020-12-07,12371172,315555
2020-12-08,12496178,319447
2020-12-09,12621187,323343
2020-12-10,12746204,327242
2020-12-11,12871224,331145
2020-12-12,12996249,335052
2020-12-13,13121277,338965
2020-12-14,13256124,342776
2020-12-15,13390973,346590
2020-12-16,13525826,350405
2020-12-17,13660687,354227
2020-12-18,13795551,358052
2020-12-19,13930417,361880
2020-12-20,14065288,365715
2020-12-21,14178172,369048
2020-12-22,14291061,372386
2020-12-23,14403955,375730
2020-12-24,14516852,379081
2020-12-25,14629752,382436
2020-12-26,14742660,385792
2020-12-27,14855569,389151
2020-12-28,14984399,392487
2020-12-29,15113235,395827
2020-12-30,15242075,399174
2020-12-31,15370917,402526
2021-01-01,15499761,405882
2021-01-02,15628611,409241
2021-01-03,15757466,412605
2021-01-04,15914082,416066
2021-01-05,16070707,419531
2021-01-06,16227335,423002
2021-01-07,16383966,426476
2021-01-08,16540600,429952
2021-01-09,16697235,433431
2021-01-10,16853875,436912
2021-01-11,16992803,440385
2021-01-12,17131734,443863
2021-01-13,17270669,447344
2021-01-14,17409606,450828
2021-01-15,17548548,454317
2021-01-16,17687493,457813
2021-01-17,17826444,461312
2021-01-18,17961121,464773
2021-01-19,18095807,468241
2021-01-20,18230496,471713
2021-01-21,18365188,475190
2021-01-22,18499886,478667
2021-01-23,18634587,482151
2021-01-24,18769289,485639
2021-01-25,18891779,488838
2021-01-26,19014274,492042
2021-01-27,19136774,495252
2021-01-28,19259278,498464
2021-01-29,19381782,501680
2021-01-30,19504293,504898
2021-01-31,19626807,508120
2021-02-01,19731498,510971
2021-02-02,19836192,513824
2021-02-03,19940893,516681
2021-02-04,20045599,519540
2021-02-05,20150309,522408
2021-02-06,20255023,525279
2021-02-07,20359742,528152
2021-02-08,20449252,530551
2021-02-09,20538766,532954
2021-02-10,20628284,535360
2021-02-11,20717807,537771
2021-02-12,20807334,540185
2021-02-13,20896864,542602
2021-02-14,20986399,545028
2021-02-15,21079744,547096
2021-02-16,21173091,549169
2021-02-17,21266442,551245
2021-02-18,21359799,553327
2021-02-19,21453161,555413
2021-02-20,21546528,557501
2021-02-21,21639899,559594
2021-02-22,21747467,561551
2021-02-23,21855036,563513
2021-02-24,21962612,565479
2021-02-25,22070193,567449
2021-02-26,22177782,569423
2021-02-27,22285376,571401
2021-02-28,22392970,573382
2021-03-01,22508698,575310
2021-03-02,22624429,577247
2021-03-03,22740162,579187
2021-03-04,22855897,581127
2021-03-05,22971636,583075
2021-03-06,23087379,585025
2021-03-07,23203129,586982
2021-03-08,23333972,589035
2021-03-09,23464822,591090
2021-03-10,23595675,593148
2021-03-11,23726532,595213
2021-03-12,23857393,597282
2021-03-13,23988259,599357
2021-03-14,24119129,601434
2021-03-15,24266685,603624
2021-03-16,24414246,605820
2021-03-17,24561810,608018
2021-03-18,24709379,610218
2021-03-19,24856954,612426
2021-03-20,25004534,614636
2021-03-21,25152116,616848
2021-03-22,25319839,619178
2021-03-23,25487568,621514
2021-03-24,25655301,623855
2021-03-25,25823040,626204
2021-03-26,25990784,628555
2021-03-27,26158532,630906
2021-03-28,26326283,633261
2021-03-29,26481912,635729
2021-03-30,26637547,638201
2021-03-31,26793187,640677
2021-04-01,26948831,643160
2021-04-02,27104482,645648
2021-04-03,27260136,648140
2021-04-04,27415793,650634
2021-04-05,27553194,653079
2021-04-06,27690601,655532
2021-04-07,27828010,657987
2021-04-08,27965424,660445
2021-04-09,28102841,662907
2021-04-10,28240263,665374
2021-04-11,28377694,667842
2021-04-12,28509630,670131
2021-04-13,28641569,672421
2021-04-14,28773514,674715
2021-04-15,28905462,677013
2021-04-16,29037412,679317
2021-04-17,29169369,681623
2021-04-18,29301331,683935
2021-04-19,29418902,686038
2021-04-20,29536481,688146
2021-04-21,29654061,690259
2021-04-22,29771645,692374
2021-04-23,29889233,694491
2021-04-24,30006826,696611
2021-04-25,30124422,698734
2021-04-26,30222418,700491
2021-04-27,30320416,702251
2021-04-28,30418421,704016
2021-04-29,30516432,705788
2021-04-30,30614447,707565
2021-05-01,30712466,709346
2021-05-02,30810487,711130
2021-05-03,30890721,712534
2021-05-04,30970960,713941
2021-05-05,31051202,715350
2021-05-06,31131447,716763
2021-05-07,31211697,718183
2021-05-08,31291949,719606
2021-05-09,31372205,721032
2021-05-10,31432625,722118
2021-05-11,31493050,723207
2021-05-12,31553478,724300
2021-05-13,31613908,725398
2021-05-14,31674341,726500
2021-05-15,31734783,727606
2021-05-16,31795229,728715
2021-05-17,31844346,729515
2021-05-18,31893466,730321
2021-05-19,31942589,731128
2021-05-20,31991713,731940
2021-05-21,32040842,732756
2021-05-22,32089975,733575
2021-05-23,32139115,734399
2021-05-24,32174429,734969
2021-05-25,32209748,735541
2021-05-26,32245071,736118
2021-05-27,32280400,736697
2021-05-28,32315729,737277
2021-05-29,32351061,737864
2021-05-30,32386401,738457
2021-05-31,32413943,738851
2021-06-01,32441490,739247
2021-06-02,32469043,739650
2021-06-03,32496598,740056
2021-06-04,32524157,740464
2021-06-05,32551720,740878
2021-06-06,32579288,741296
2021-06-07,32598028,741572
2021-06-08,32616770,741850
2021-06-09,32635515,742132
2021-06-10,32654266,742420
2021-06-11,32673022,742711
2021-06-12,32691783,743008
2021-06-13,32710548,743310
2021-06-14,32724164,743512
2021-06-15,32737783,743720
2021-06-16,32751406,743930
2021-06-17,32765034,744142
2021-06-18,32778669,744360
2021-06-19,32792308,744582
2021-06-20,32805951,744809
2021-06-21,32818606,744948
2021-06-22,32831270,745090
2021-06-23,32843938,745237
2021-06-24,32856611,745387
2021-06-25,32869286,745539
2021-06-26,32881964,745695
2021-06-27,32894647,745858
2021-06-28,32917089,745967
2021-06-29,32939534,746077
2021-06-30,32961982,746189
2021-07-01,32984433,746305
2021-07-02,33006892,746423
2021-07-03,33029359,746546
2021-07-04,33051831,746677
2021-07-05,33093913,746767
2021-07-06,33135998,746858
2021-07-07,33178085,746951
2021-07-08,33220181,747048
2021-07-09,33262278,747151
2021-07-10,33304384,747258
2021-07-11,33346492,747372
2021-07-12,33406097,747462
2021-07-13,33465707,747556
2021-07-14,33525320,747653
2021-07-15,33584937,747751
2021-07-16,33644559,747853
2021-07-17,33704184,747959
2021-07-18,33763816,748072
2021-07-19,33833091,748200
2021-07-20,33902372,748330
2021-07-21,33971656,748464
2021-07-22,34040945,748601
2021-07-23,34110239,748744
2021-07-24,34179536,748892
2021-07-25,34248837,749045
2021-07-26,34318112,749235
2021-07-27,34387391,749430
2021-07-28,34456676,749626
2021-07-29,34525966,749825
2021-07-30,34595260,750029
2021-07-31,34664559,750238
2021-08-01,34733862,750454
2021-08-02,34799616,750706
2021-08-03,34865377,750958
2021-08-04,34931143,751217
2021-08-05,34996911,751482
2021-08-06,35062683,751748
2021-08-07,35128459,752016
2021-08-08,35194238,752291
2021-08-09,35261004,752604
2021-08-10,35327776,752920
2021-08-11,35394552,753240
2021-08-12,35461333,753565
2021-08-13,35528119,753894
2021-08-14,35594910,754229
2021-08-15,35661704,754568
2021-08-16,35727325,754969
2021-08-17,35792952,755373
2021-08-18,35858583,755781
2021-08-19,35924219,756192
2021-08-20,35989858,756605
2021-08-21,36055500,757023
2021-08-22,36121144,757447
2021-08-23,36184931,757892
2021-08-24,36248719,758341
2021-08-25,36312511,758794
2021-08-26,36376310,759248
2021-08-27,36440113,759709
2021-08-28,36503923,760175
2021-08-29,36567736,760644
2021-08-30,36625247,761119
2021-08-31,36682762,761599
2021-09-01,36740283,762081
2021-09-02,36797808,762567
2021-09-03,36855339,763056
2021-09-04,36912871,763551
2021-09-05,36970406,764049
2021-09-06,37022140,764544
2021-09-07,37073875,765041
2021-09-08,37125615,765546
2021-09-09,37177361,766058
2021-09-10,37229112,766571
2021-09-11,37280870,767086
2021-09-12,37332631,767605
2021-09-13,37380987,768128
2021-09-14,37429348,768655
2021-09-15,37477711,769188
2021-09-16,37526078,769723
2021-09-17,37574447,770262
2021-09-18,37622821,770804
2021-09-19,37671204,771351
2021-09-20,37717407,771885
2021-09-21,37763615,772421
2021-09-22,37809828,772964
2021-09-23,37856046,773508
2021-09-24,37902270,774058
2021-09-25,37948498,774611
2021-09-26,37994727,775169
2021-09-27,38045464,775779
2021-09-28,38096205,776391
2021-09-29,38146951,777008
2021-09-30,38197702,777633
2021-10-01,38248459,778261
2021-10-02,38299219,778892
2021-10-03,38349980,779527
2021-10-04,38406055,780261
2021-10-05,38462133,781001
2021-10-06,38518217,781743
2021-10-07,38574308,782487
2021-10-08,38630405,783234
2021-10-09,38686503,783986
2021-10-10,38742603,784744
2021-10-11,38809524,785609
2021-10-12,38876448,786475
2021-10-13,38943377,787342
2021-10-14,39010308,788214
2021-10-15,39077242,789090
2021-10-16,39144185,789969
2021-10-17,39211133,790854
2021-10-18,39302786,791943
2021-10-19,39394443,793036
2021-10-20,39486102,794134
2021-10-21,39577764,795234
2021-10-22,39669433,796339
2021-10-23,39761104,797451
2021-10-24,39852779,798565
2021-10-25,39966216,799830
2021-10-26,40079659,801101
2021-10-27,40193106,802373
2021-10-28,40306562,803648
2021-10-29,40420021,804928
2021-10-30,40533484,806214
2021-10-31,40646949,807503
2021-11-01,40786823,808948
2021-11-02,40926703,810396
2021-11-03,41066588,811849
2021-11-04,41206480,813309
2021-11-05,41346373,814773
2021-11-06,41486269,816242
2021-11-07,41626169,817711
2021-11-08,41806125,819364
2021-11-09,41986088,821022
2021-11-10,42166055,822683
2021-11-11,42346023,824347
2021-11-12,42525996,826015
2021-11-13,42705972,827686
2021-11-14,42885953,829361
2021-11-15,43115050,831203
2021-11-16,43344149,833047
2021-11-17,43573252,834893
2021-11-18,43802361,836743
2021-11-19,44031475,838596
2021-11-20,44260593,840460
2021-11-21,44489715,842329
2021-11-22,44749037,844310
2021-11-23,45008363,846295
2021-11-24,45267691,848283
2021-11-25,45527026,850275
2021-11-26,45786363,852273
2021-11-27,46045708,854274
2021-11-28,46305057,856280
2021-11-29,46570517,858276
2021-11-30,46835979,860276
2021-12-01,47101444,862278
2021-12-02,47366911,864285
2021-12-03,47632385,866295
2021-12-04,47897865,868310
2021-12-05,48163352,870329
2021-12-06,48416433,872281
2021-12-07,48669518,874239
2021-12-08,48922610,876200
2021-12-09,49175704,878164
2021-12-10,49428801,880136
2021-12-11,49681902,882114
2021-12-12,49935008,884096
2021-12-13,50190667,885918
2021-12-14,50446329,887742
2021-12-15,50701997,889571
2021-12-16,50957666,891402
2021-12-17,51213341,893237
2021-12-18,51469020,895075
2021-12-19,51724705,896923
2021-12-20,52036890,898515
2021-12-21,52349080,900112
2021-12-22,52661274,901716
2021-12-23,52973471,903325
2021-12-24,53285670,904935
2021-12-25,53597876,906549
2021-12-26,53910087,908167
2021-12-27,54502318,909757
2021-12-28,55094555,911352
2021-12-29,55686794,912950
2021-12-30,56279035,914552
2021-12-31,56871278,916157
2022-01-01,57463525,917767
2022-01-02,58055777,919381
2022-01-03,58909711,920923
2022-01-04,59763653,922471
2022-01-05,60617599,924021
2022-01-06,61471550,925577
2022-01-07,62325504,927137
2022-01-08,63179462,928701
2022-01-09,64033425,930271
2022-01-10,65000464,931972
2022-01-11,65967506,933676
2022-01-12,66934551,935381
2022-01-13,67901601,937091
2022-01-14,68868655,938806
2022-01-15,69835717,940527
2022-01-16,70802783,942252
2022-01-17,72025508,943975
2022-01-18,73248237,945700
2022-01-19,74470969,947428
2022-01-20,75693707,949160
2022-01-21,76916448,950901
2022-01-22,78139196,952645
2022-01-23,79361948,954395
2022-01-24,80657148,956284
2022-01-25,81952349,958177
2022-01-26,83247559,960073
2022-01-27,84542772,961976
2022-01-28,85837989,963881
2022-01-29,87133211,965790
2022-01-30,88428435,967703
2022-01-31,89556318,969832
2022-02-01,90684208,971963
2022-02-02,91812101,974103
2022-02-03,92939997,976246
2022-02-04,94067900,978391
2022-02-05,95195807,980539
2022-02-06,96323718,982692
2022-02-07,97172037,984795
2022-02-08,98020360,986906
2022-02-09,98868687,989018
2022-02-10,99717017,991132
2022-02-11,100565350,993250
2022-02-12,101413692,995374
2022-02-13,102262038,997501
2022-02-14,102887939,999478
2022-02-15,103513848,1001460
2022-02-16,104139763,1003446
2022-02-17,104765684,1005441
2022-02-18,105391608,1007439
2022-02-19,106017537,1009440
2022-02-20,106643467,1011444
2022-02-21,107142150,1013108
2022-02-22,107640839,1014775
2022-02-23,108139530,1016447
2022-02-24,108638224,1018125
2022-02-25,109136925,1019808
2022-02-26,109635631,1021491
2022-02-27,110134342,1023180
2022-02-28,110629075,1024578
2022-03-01,111123812,1025978
2022-03-02,111618556,1027381
2022-03-03,112113303,1028790
2022-03-04,112608053,1030204
2022-03-05,113102806,1031623
2022-03-06,113597564,1033047
2022-03-07,114168260,1034217
2022-03-08,114738962,1035393
2022-03-09,115309665,1036574
2022-03-10,115880371,1037756
2022-03-11,116451081,1038940
2022-03-12,117021797,1040127
2022-03-13,117592518,1041324
2022-03-14,118214404,1042426
2022-03-15,118836296,1043533
2022-03-16,119458190,1044649
2022-03-17,120080088,1045768
2022-03-18,120701990,1046889
2022-03-19,121323899,1048012
2022-03-20,121945813,1049141
2022-03-21,122574057,1050176
2022-03-22,123202306,1051214
2022-03-23,123830560,1052255
2022-03-24,124458818,1053302
2022-03-25,125087081,1054351
2022-03-26,125715346,1055406
2022-03-27,126343616,1056467
2022-03-28,126887346,1057456
2022-03-29,127431078,1058448
2022-03-30,127974814,1059444
2022-03-31,128518553,1060445
2022-04-01,129062300,1061454
2022-04-02,129606049,1062463
2022-04-03,130149804,1063478
2022-04-04,130595306,1064390
2022-04-05,131040811,1065306
2022-04-06,131486322,1066226
2022-04-07,131931839,1067149
2022-04-08,132377360,1068077
2022-04-09,132822884,1069007
2022-04-10,133268412,1069943
2022-04-11,133634741,1070746
2022-04-12,134001072,1071555
2022-04-13,134367409,1072369
2022-04-14,134733751,1073184
2022-04-15,135100099,1074002
2022-04-16,135466450,1074823
2022-04-17,135832804,1075650
2022-04-18,136146959,1076365
2022-04-19,136461120,1077085
2022-04-20,136775288,1077812
2022-04-21,137089462,1078543
2022-04-22,137403640,1079276
2022-04-23,137717819,1080009
2022-04-24,138032001,1080748
2022-04-25,138288370,1081405
2022-04-26,138544742,1082069
2022-04-27,138801120,1082736
2022-04-28,139057502,1083403
2022-04-29,139313886,1084078
2022-04-30,139570280,1084759
2022-05-01,139826677,1085443
2022-05-02,140036899,1086009
2022-05-03,140247125,1086576
2022-05-04,140457356,1087150
2022-05-05,140667590,1087731
2022-05-06,140877829,1088316
2022-05-07,141088074,1088904
2022-05-08,141298324,1089497
2022-05-09,141490723,1089986
2022-05-10,141683124,1090480
2022-05-11,141875531,1090980
2022-05-12,142067943,1091481
2022-05-13,142260362,1091986
2022-05-14,142452786,1092494
2022-05-15,142645211,1093008
2022-05-16,142798652,1093414
2022-05-17,142952098,1093827
2022-05-18,143105547,1094248
2022-05-19,143259001,1094675
2022-05-20,143412457,1095105
2022-05-21,143565920,1095536
2022-05-22,143719387,1095968
2022-05-23,143834949,1096291
2022-05-24,143950515,1096617
2022-05-25,144066085,1096948
2022-05-26,144181661,1097287
2022-05-27,144297239,1097628
2022-05-28,144412820,1097973
2022-05-29,144528405,1098322
2022-05-30,144653615,1098626
2022-05-31,144778831,1098933
2022-06-01,144904050,1099242
2022-06-02,145029275,1099554
2022-06-03,145154502,1099868
2022-06-04,145279731,1100192
2022-06-05,145404967,1100523
2022-06-06,145551594,1100813
2022-06-07,145698227,1101106
2022-06-08,145844867,1101402
2022-06-09,145991509,1101702
2022-06-10,146138156,1102008
2022-06-11,146284806,1102318
2022-06-12,146431458,1102635
2022-06-13,146625849,1102941
2022-06-14,146820242,1103249
2022-06-15,147014640,1103561
2022-06-16,147209041,1103876
2022-06-17,147403446,1104194
2022-06-18,147597856,1104519
2022-06-19,147792271,1104848
2022-06-20,148064687,1105194
2022-06-21,148337105,1105542
2022-06-22,148609530,1105892
2022-06-23,148881958,1106246
2022-06-24,149154390,1106605
2022-06-25,149426829,1106969
2022-06-26,149699273,1107338
2022-06-27,150060992,1107729
2022-06-28,150422715,1108123
2022-06-29,150784442,1108519
2022-06-30,151146171,1108922
2022-07-01,151507904,1109329
2022-07-02,151869640,1109739
2022-07-03,152231381,1110154
2022-07-04,152642974,1110667
2022-07-05,153054571,1111183
2022-07-06,153466171,1111704
2022-07-07,153877777,1112232
2022-07-08,154289386,1112764
2022-07-09,154700997,1113301
2022-07-10,155112614,1113840
2022-07-11,155491142,1114491
2022-07-12,155869676,1115146
2022-07-13,156248215,1115804
2022-07-14,156626758,1116466
2022-07-15,157005304,1117132
2022-07-16,157383853,1117802
2022-07-17,157762403,1118477
2022-07-18,158081605,1119242
2022-07-19,158400815,1120010
2022-07-20,158720029,1120778
2022-07-21,159039248,1121550
2022-07-22,159358471,1122329
2022-07-23,159677696,1123112
2022-07-24,159996924,1123902
2022-07-25,160242772,1124638
2022-07-26,160488624,1125379
2022-07-27,160734480,1126123
2022-07-28,160980341,1126875
2022-07-29,161226206,1127629
2022-07-30,161472076,1128386
2022-07-31,161717951,1129145
2022-08-01,161899933,1129790
2022-08-02,162081921,1130441
2022-08-03,162263913,1131095
2022-08-04,162445910,1131751
2022-08-05,162627910,1132412
2022-08-06,162809916,1133080
2022-08-07,162991926,1133751
2022-08-08,163135016,1134325
2022-08-09,163278113,1134900
2022-08-10,163421215,1135478
2022-08-11,163564320,1136057
2022-08-12,163707427,1136639
2022-08-13,163850539,1137228
2022-08-14,163993654,1137823
2022-08-15,164114071,1138317
2022-08-16,164234494,1138813
2022-08-17,164354920,1139310
2022-08-18,164475349,1139810
2022-08-19,164595781,1140318
2022-08-20,164716218,1140828
2022-08-21,164836658,1141345
2022-08-22,164946396,1141730
2022-08-23,165056142,1142117
2022-08-24,165165892,1142505
2022-08-25,165275643,1142897
2022-08-26,165385396,1143294
2022-08-27,165495155,1143699
2022-08-28,165604917,1144109
2022-08-29,165701543,1144438
2022-08-30,165798173,1144771
2022-08-31,165894805,1145107
2022-09-01,165991441,1145448
2022-09-02,166088085,1145789
2022-09-03,166184736,1146135
2022-09-04,166281389,1146487
2022-09-05,166377003,1146758
2022-09-06,166472620,1147034
2022-09-07,166568242,1147312
2022-09-08,166663871,1147593
2022-09-09,166759503,1147879
2022-09-10,166855138,1148168
2022-09-11,166950777,1148461
2022-09-12,167065926,1148717
2022-09-13,167181081,1148979
2022-09-14,167296239,1149243
2022-09-15,167411403,1149508
2022-09-16,167526569,1149779
2022-09-17,167641740,1150057
2022-09-18,167756916,1150338
2022-09-19,167894422,1150610
2022-09-20,168031934,1150886
2022-09-21,168169450,1151165
2022-09-22,168306970,1151447
2022-09-23,168444493,1151734
2022-09-24,168582020,1152024
2022-09-25,168719550,1152317
2022-09-26,168914715,1152677
2022-09-27,169109880,1153040
2022-09-28,169305050,1153404
2022-09-29,169500224,1153772
2022-09-30,169695401,1154142
2022-10-01,169890584,1154518
2022-10-02,170085773,1154900
2022-10-03,170318715,1155390
2022-10-04,170551665,1155883
2022-10-05,170784615,1156377
2022-10-06,171017568,1156876
2022-10-07,171250526,1157377
2022-10-08,171483487,1157883
2022-10-09,171716452,1158394
2022-10-10,171951349,1158963
2022-10-11,172186248,1159535
2022-10-12,172421153,1160110
2022-10-13,172656061,1160691
2022-10-14,172890973,1161274
2022-10-15,173125888,1161864
2022-10-16,173360807,1162456
2022-10-17,173560972,1163015
2022-10-18,173761140,1163578
2022-10-19,173961314,1164146
2022-10-20,174161492,1164717
2022-10-21,174361672,1165293
2022-10-22,174561856,1165873
2022-10-23,174762046,1166456
2022-10-24,174904683,1166952
2022-10-25,175047323,1167451
2022-10-26,175189970,1167952
2022-10-27,175332619,1168459
2022-10-28,175475273,1168969
2022-10-29,175617929,1169484
2022-10-30,175760594,1170002
2022-10-31,175866466,1170406
2022-11-01,175972344,1170815
2022-11-02,176078228,1171229
2022-11-03,176184118,1171649
2022-11-04,176290013,1172070
2022-11-05,176395911,1172493
2022-11-06,176501810,1172920
2022-11-07,176602041,1173300
2022-11-08,176702275,1173682
2022-11-09,176802512,1174069
2022-11-10,176902750,1174459
2022-11-11,177002990,1174856
2022-11-12,177103238,1175255
2022-11-13,177203489,1175659
2022-11-14,177315055,1176038
2022-11-15,177426626,1176423
2022-11-16,177538197,1176811
2022-11-17,177649775,1177202
2022-11-18,177761360,1177595
2022-11-19,177872947,1177992
2022-11-20,177984538,1178394
2022-11-21,178106080,1178783
2022-11-22,178227624,1179176
2022-11-23,178349171,1179571
2022-11-24,178470725,1179971
2022-11-25,178592284,1180372
2022-11-26,178713848,1180784
2022-11-27,178835415,1181199
2022-11-28,178974191,1181641
2022-11-29,179112971,1182090
2022-11-30,179251754,1182542
2022-12-01,179390541,1182996
2022-12-02,179529335,1183453
2022-12-03,179668130,1183913
2022-12-04,179806931,1184379
2022-12-05,179951909,1184877
2022-12-06,180096892,1185380
2022-12-07,180241881,1185886
2022-12-08,180386877,1186397
2022-12-09,180531875,1186911
2022-12-10,180676876,1187429
2022-12-11,180821881,1187951
2022-12-12,180960791,1188552
2022-12-13,181099704,1189154
2022-12-14,181238622,1189761
2022-12-15,181377546,1190372
2022-12-16,181516474,1190990
2022-12-17,181655407,1191613
2022-12-18,181794344,1192238
2022-12-19,181913428,1192880
2022-12-20,182032513,1193523
2022-12-21,182151601,1194173
2022-12-22,182270691,1194827
2022-12-23,182389787,1195484
2022-12-24,182508890,1196146
2022-12-25,182627997,1196811
2022-12-26,182711691,1197410
2022-12-27,182795390,1198012
2022-12-28,182879095,1198619
2022-12-29,182962803,1199228
2022-12-30,183046515,1199842
2022-12-31,183130232,1200459
2023-01-01,183213952,1201081
2023-01-02,183277508,1201600
2023-01-03,183341069,1202123
2023-01-04,183404634,1202649
2023-01-05,183468202,1203177
2023-01-06,183531775,1203709
2023-01-07,183595354,1204244
2023-01-08,183658938,1204784
2023-01-09,183701854,1205181
2023-01-10,183744773,1205583
2023-01-11,183787694,1205990
2023-01-12,183830619,1206400
2023-01-13,183873549,1206811
2023-01-14,183916486,1207228
2023-01-15,183959426,1207650
2023-01-16,183989653,1207960
2023-01-17,184019884,1208273
2023-01-18,184050119,1208589
2023-01-19,184080359,1208906
2023-01-20,184110601,1209228
2023-01-21,184140848,1209554
2023-01-22,184171103,1209885
2023-01-23,184201182,1210124
2023-01-24,184231267,1210369
2023-01-25,184261358,1210615
2023-01-26,184291450,1210865
2023-01-27,184321548,1211120
2023-01-28,184351649,1211377
2023-01-29,184381752,1211636
2023-01-30,184412867,1211823
2023-01-31,184443988,1212013
2023-02-01,184475115,1212207
2023-02-02,184506246,1212407
2023-02-03,184537383,1212608
2023-02-04,184568523,1212814
2023-02-05,184599667,1213024
2023-02-06,184630803,1213169
2023-02-07,184661945,1213317
2023-02-08,184693090,1213470
2023-02-09,184724238,1213627
2023-02-10,184755392,1213790
2023-02-11,184786551,1213955
2023-02-12,184817712,1214122
2023-02-13,184850052,1214227
2023-02-14,184882396,1214334
2023-02-15,184914742,1214446
2023-02-16,184947092,1214561
2023-02-17,184979448,1214681
2023-02-18,185011809,1214801
2023-02-19,185044174,1214926
